IPAddress,Progress,Duration (in seconds),Finished,RecordedDate,ResponseId,LocationLatitude,LocationLongitude,block,stim1profflu,stim1meanflu,stim1undrflu,stim1belvflu,stim2profflu,stim2meanflu,stim2undrflu,stim2belvflu,stim3profflu,stim3meanflu,stim3undrflu,stim3belvflu,stim4profflu,stim4meanflu,stim4undrflu,stim4belvflu,stim5profflu,stim5meanflu,stim5undrflu,stim5belvflu,stim6profflu,stim6meanflu,stim6undrflu,stim6belvflu,stim7profflu,stim7meanflu,stim7undrflu,stim7belvflu,stim8profflu,stim8meanflu,stim8undrflu,stim8belvflu,stim9profflu,stim9meanflu,stim9undrflu,stim9belvflu,stim10profflu,stim10meanflu,stim10undrflu,stim10belvflu,stim11profdis,stim11meandis,stim11undrdis,stim11belvdis,stim12profdis,stim12meandis,stim12undrdis,stim12belvdis,stim13profdis,stim13meandis,stim13undrdis,stim13belvdis,stim14profdis,stim14meandis,stim14undrdis,stim14belvdis,stim15profdis,stim15meandis,stim15undrdis,stim15belvdis,stim16profdis,stim16meandis,stim16undrdis,stim16belvdis,stim17profdis,stim17meandis,stim17undrdis,stim17belvdis,stim18profdis,stim18meandis,stim18undrdis,stim18belvdis,stim19profdis,stim19meandis,stim19undrdis,stim19belvdis,stim20profdis,stim20meandis,stim20undrdis,stim20belvdis,stim11profflu,stim11meanflu,stim11undrflu,stim11belvflu,stim12profflu,stim12meanflu,stim12undrflu,stim12belvflu,stim13profflu,stim13meanflu,stim13undrflu,stim13belvflu,stim14profflu,stim14meanflu,stim14undrflu,stim14belvflu,stim15profflu,stim15meanflu,stim15undrflu,stim15belvflu,stim16profflu,stim16meanflu,stim16undrflu,stim16belvflu,stim17profflu,stim17meanflu,stim17undrflu,stim17belvflu,stim18profflu,stim18meanflu,stim18undrflu,stim18belvflu,stim19profflu,stim19meanflu,stim19undrflu,stim19belvflu,stim20profflu,stim20meanflu,stim20undrflu,stim20belvflu,stim1profdis,stim1meandis,stim1undrdis,stim1belvdis,stim2profdis,stim2meandis,stim2undrdis,stim2belvdis,stim3profdis,stim3meandis,stim3undrdis,stim3belvdis,stim4profdis,stim4meandis,stim4undrdis,stim4belvdis,stim5profdis,stim5meandis,stim5undrdis,stim5belvdis,stim6profdis,stim6meandis,stim6undrdis,stim6belvdis,stim7profdis,stim7meandis,stim7undrdis,stim7belvdis,stim8profdis,stim8meandis,stim8undrdis,stim8belvdis,stim9profdis,stim9meandis,stim9undrdis,stim9belvdis,stim10profdis,stim10meandis,stim10undrdis,stim10belvdis,CRT1,CRT2,CRT3,CRT4,NFC01,NFC02,NFC03,NFC04,NFC05,NFC06,NFC07,NFC08,NFC09,NFC10,NFC11,NFC12,NFC13,NFC14,NFC15,NFC16,NFC17,NFC18,FI01,FI02,FI03,FI04,FI05,FI06,FI07,FI08,FI09,FI10,FI11,SBQ01,SBQ02,SBQ03,SBQ04,SBQ05,SBQ06,SBQ07,SBQ08,SBQ09,SBQ10,SBQ11,SBQ12,SBQ13,SBQ14,SBQ15,SBQ16,SBQ17,SBQ18,SBQ19,SBQ20,SBQ21,SBQ22,SBQ23,SBQ24,SBQ25,device,age,sex,race
67.177.186.161,100,235,1,6/16/20 13:03,R_sLri6fZQj49XU2t,36.456604,-86.6638031,1,5,6,3,4,3,5,6,3,6,4,5,4,5,4,6,3,3,6,6,4,3,4,4,6,6,5,6,4,3,7,6,4,4,4,3,7,5,4,3,7,3,6,5,4,5,4,6,3,5,6,4,4,3,5,6,5,4,5,3,6,4,6,5,3,4,6,5,5,4,5,4,5,4,5,5,6,4,3,6,5,,,,,,,,,,,,,,,,,,,,,,,,,,,,,,,,,,,,,,,,,,,,,,,,,,,,,,,,,,,,,,,,,,,,,,,,,,,,,,,,,yes,yes,yes,yes,1,4,3,4,4,3,5,4,4,1,4,5,2,1,4,5,3,5,3,3,3,4,3,4,4,2,2,3,3,4,3,3,4,5,5,4,5,5,5,5,2,5,3,1,4,4,2,1,1,2,3,5,5,4,1,51,1,4
66.30.57.75,100,269,1,6/16/20 13:04,R_r2xjWrna4nBuV4l,43.06970215,-70.95800018,1,5,5,3,6,2,4,3,5,4,3,5,5,4,3,3,6,3,5,5,4,2,4,5,3,6,5,5,3,4,5,3,6,6,5,6,3,5,5,4,7,6,4,3,5,6,5,2,5,4,2,5,2,5,6,3,4,5,3,3,4,3,4,4,6,6,3,3,4,5,7,6,6,2,3,4,5,5,4,3,2,,,,,,,,,,,,,,,,,,,,,,,,,,,,,,,,,,,,,,,,,,,,,,,,,,,,,,,,,,,,,,,,,,,,,,,,,,,,,,,,,5,5,47,29,2,2,4,4,1,3,3,3,3,1,2,3,5,3,3,4,5,1,5,3,3,2,2,1,4,4,4,5,1,4,5,2,1,4,3,5,3,2,4,2,1,4,3,5,3,2,2,4,3,5,1,3,4,3,1,37,1,4
181.215.51.7,100,355,1,6/16/20 13:06,R_20V8mdlpsP657bt,33.45889282,-112.0709,1,5,6,6,5,6,4,5,5,5,5,5,6,6,5,4,5,5,6,5,6,6,4,7,5,5,6,6,5,6,6,5,7,5,6,5,6,6,6,5,5,6,6,5,5,5,6,6,5,4,6,5,5,5,6,6,5,5,6,5,7,6,5,5,6,5,6,6,5,5,5,6,4,5,6,4,6,6,5,5,4,,,,,,,,,,,,,,,,,,,,,,,,,,,,,,,,,,,,,,,,,,,,,,,,,,,,,,,,,,,,,,,,,,,,,,,,,,,,,,,,,1.1,100,48,15,3,4,3,4,4,4,3,3,3,4,3,3,4,3,3,4,4,4,4,4,3,3,3,3,4,4,4,3,3,3,4,3,4,3,4,3,4,3,4,3,4,3,4,3,4,3,4,3,4,3,4,3,4,3,1,40,1,2
47.185.230.93,100,375,1,6/16/20 13:06,R_7NBNrzxJQHr3oKR,33.02870178,-96.68260193,2,,,,,,,,,,,,,,,,,,,,,,,,,,,,,,,,,,,,,,,,,,,,,,,,,,,,,,,,,,,,,,,,,,,,,,,,,,,,,,,,,7,6,5,6,5,6,6,7,5,7,6,6,5,7,6,6,6,6,7,5,6,5,6,7,5,7,6,7,7,6,5,6,7,6,5,6,6,5,6,7,7,6,5,6,7,6,6,5,6,5,7,6,6,6,5,7,6,7,6,5,7,5,6,6,7,6,5,6,5,6,7,6,7,7,6,5,6,5,6,7,0.1,100,nothing like this,15,5,4,4,5,4,4,4,4,4,3,3,4,5,5,3,5,3,4,3,5,5,4,4,4,3,4,4,5,5,5,4,3,4,5,4,3,4,5,4,3,4,5,4,3,4,5,4,3,4,5,4,3,4,5,1,32,1,3
192.200.158.198,100,389,1,6/16/20 13:07,R_0kX4H6Y6oQMlkOJ,33.44129944,-112.042099,1,6,6,7,6,6,6,7,7,5,3,6,3,5,5,6,5,7,7,7,7,7,7,6,7,5,5,5,5,2,6,6,6,7,6,6,7,6,7,7,7,3,3,3,3,1,1,1,1,5,4,4,5,2,2,2,2,1,1,1,1,1,2,2,1,1,1,1,1,1,1,1,1,2,2,2,2,1,1,1,1,,,,,,,,,,,,,,,,,,,,,,,,,,,,,,,,,,,,,,,,,,,,,,,,,,,,,,,,,,,,,,,,,,,,,,,,,,,,,,,,,0.05,5,47,29,3,3,4,1,2,2,2,3,4,1,1,1,4,5,3,3,1,3,2,2,5,2,5,1,4,1,5,2,1,1,3,4,3,2,2,3,3,3,4,2,3,5,2,3,5,4,3,1,4,3,3,3,1,1,1,30,1,2
104.173.40.134,100,480,1,6/16/20 13:07,R_3I6tEAIpvsoXdgG,33.73989868,-117.0150986,2,,,,,,,,,,,,,,,,,,,,,,,,,,,,,,,,,,,,,,,,,,,,,,,,,,,,,,,,,,,,,,,,,,,,,,,,,,,,,,,,,5,6,6,7,6,5,4,7,7,5,6,6,7,5,6,6,7,6,5,7,7,5,7,6,4,5,7,7,6,7,7,5,5,6,7,7,6,5,6,7,4,6,6,7,5,5,7,6,7,6,5,4,5,6,5,7,5,7,6,5,6,5,5,7,5,4,6,,6,7,5,7,7,5,7,6,5,6,7,7,0.1,100 minuties,,45,4,4,5,4,4,5,5,5,4,4,5,4,5,4,5,4,5,5,3,4,,4,3,4,5,3,5,5,3,4,5,3,4,5,3,5,4,5,4,3,5,4,3,5,4,5,3,5,4,5,3,4,5,4,1,29,1,2
73.53.85.59,100,390,1,6/16/20 13:08,R_qQQXGF5uWmoPydr,47.69869995,-117.4396973,1,6,7,6,7,6,5,6,7,6,7,7,6,7,6,7,6,6,6,7,7,6,6,7,5,5,6,6,7,6,7,6,,6,6,7,7,7,5,6,6,7,7,6,6,7,5,6,7,6,5,7,6,6,6,5,7,6,7,5,6,6,6,5,7,5,7,6,6,6,7,7,6,7,7,7,6,6,7,7,7,,,,,,,,,,,,,,,,,,,,,,,,,,,,,,,,,,,,,,,,,,,,,,,,,,,,,,,,,,,,,,,,,,,,,,,,,,,,,,,,,1.1,5,24,15,5,4,4,4,5,4,5,4,4,4,4,5,4,5,5,3,5,5,4,5,5,5,4,5,5,4,4,4,5,5,4,5,4,5,4,5,4,5,4,5,5,5,4,4,4,5,5,4,5,4,5,5,4,5,4,69,2,4
72.185.190.207,100,477,1,6/16/20 13:08,R_DTQeYlYgysspwsN,28.23199463,-82.73239899,2,,,,,,,,,,,,,,,,,,,,,,,,,,,,,,,,,,,,,,,,,,,,,,,,,,,,,,,,,,,,,,,,,,,,,,,,,,,,,,,,,1,1,4,4,1,1,4,4,4,4,4,4,1,1,4,4,4,4,4,4,1,1,1,1,4,4,4,4,4,1,1,4,,4,4,4,1,1,1,4,1,1,4,1,1,1,1,4,1,1,1,1,1,1,1,4,1,4,1,1,4,4,4,4,1,1,,1,4,1,1,1,1,1,1,4,1,1,1,1,0.05,5,47,29,5,5,1,1,1,5,1,1,1,5,5,1,5,5,5,1,1,5,2,2,2,2,2,2,2,2,4,4,4,1,1,1,1,1,1,1,1,1,1,1,1,1,1,1,1,1,5,1,1,1,1,1,1,1,1,46,1,4
67.191.148.17,100,236,1,6/16/20 13:09,R_24BCW6ij6DiIxex,33.78379822,-84.44550323,2,,,,,,,,,,,,,,,,,,,,,,,,,,,,,,,,,,,,,,,,,,,,,,,,,,,,,,,,,,,,,,,,,,,,,,,,,,,,,,,,,5,5,5,4,5,5,5,5,4,4,4,4,5,5,4,6,5,5,5,5,5,6,6,6,5,5,5,5,5,5,5,5,6,5,6,5,5,5,4,5,4,6,2,5,3,2,2,3,4,4,2,4,2,2,2,2,2,2,2,3,3,5,2,2,3,3,2,3,3,3,2,3,3,3,2,3,2,2,2,2,0.05,5 minutes,47,29,4,4,4,2,4,4,,4,4,3,4,4,4,4,4,4,4,4,4,4,4,4,4,4,4,4,4,4,4,4,4,4,2,4,3,4,2,2,4,3,2,3,3,4,3,2,4,3,2,3,4,2,3,4,4,21,1,1
82.102.30.93,100,341,1,6/16/20 13:10,R_1dzPR505fqNESzh,36.16850281,-115.1164017,2,,,,,,,,,,,,,,,,,,,,,,,,,,,,,,,,,,,,,,,,,,,,,,,,,,,,,,,,,,,,,,,,,,,,,,,,,,,,,,,,,3,6,4,5,3,5,4,5,3,6,4,5,5,4,6,3,4,4,5,6,4,3,4,5,3,6,5,5,3,5,4,5,6,4,3,5,3,4,6,5,6,4,5,3,6,4,5,5,5,3,5,4,5,3,5,4,6,5,5,4,3,5,4,5,6,3,5,3,6,4,5,4,4,6,5,6,5,5,4,3,10,5,47,5,5,4,3,4,2,3,4,2,4,3,2,4,5,3,5,4,4,3,2,2,2,5,3,3,4,4,3,4,4,4,3,2,5,4,2,3,5,4,3,4,4,1,3,4,4,2,3,2,3,4,5,4,3,3,1,29,2,4
65.32.47.15,100,622,1,6/16/20 13:11,R_2wsFWPcOmgzKXiL,28.47970581,-82.55619812,2,,,,,,,,,,,,,,,,,,,,,,,,,,,,,,,,,,,,,,,,,,,,,,,,,,,,,,,,,,,,,,,,,,,,,,,,,,,,,,,,,4,4,1,4,5,4,1,4,4,5,2,5,5,4,2,4,4,4,2,5,5,4,2,5,3,4,2,5,4,2,5,5,4,5,1,4,5,4,1,4,4,4,1,5,4,4,1,3,4,3,1,5,,,,,4,4,1,4,5,2,4,5,4,3,1,5,6,5,2,4,4,5,2,4,4,3,1,4,10,100,47,30,4,4,2,2,1,4,1,2,2,5,4,1,4,4,4,2,1,5,4,4,4,4,4,4,4,4,5,3,4,1,1,1,2,4,5,2,2,1,5,1,3,4,2,1,1,1,1,1,2,2,1,1,3,4,2,32,2,4
35.134.10.55,100,464,1,6/16/20 13:11,R_20MNVsHraGBQGx4,42.11529541,-71.66439819,1,6,5,6,7,4,5,6,6,6,5,4,4,6,6,5,5,6,6,5,4,4,6,5,4,6,6,7,5,5,6,4,5,5,7,5,6,5,6,5,7,5,7,7,6,6,5,5,4,5,5,4,6,4,6,5,6,4,6,6,7,4,5,6,6,4,6,4,5,5,4,6,6,4,6,5,4,4,6,7,5,,,,,,,,,,,,,,,,,,,,,,,,,,,,,,,,,,,,,,,,,,,,,,,,,,,,,,,,,,,,,,,,,,,,,,,,,,,,,,,,,0.1,5,27,8,4,4,4,3,4,5,5,3,4,3,5,3,5,3,5,3,3,4,4,4,5,5,3,4,3,3,3,5,3,3,5,4,3,3,5,4,3,3,4,5,5,3,3,4,4,3,5,3,4,3,3,5,4,3,1,28,1,3
24.2.44.90,100,538,1,6/16/20 13:11,R_2YYwQTTfsQcAqKn,39.89190674,-121.580101,1,6,7,7,6,7,4,5,6,7,6,7,6,5,7,7,6,6,6,7,7,6,6,5,6,6,7,6,7,7,6,7,6,7,5,7,6,6,7,7,6,6,6,7,5,7,6,7,6,7,7,6,7,7,7,6,6,6,7,7,5,7,6,6,5,7,6,6,5,7,6,5,6,4,6,7,5,5,7,6,6,,,,,,,,,,,,,,,,,,,,,,,,,,,,,,,,,,,,,,,,,,,,,,,,,,,,,,,,,,,,,,,,,,,,,,,,,,,,,,,,,0.1,5,47,15,3,5,3,3,4,4,5,4,5,4,3,4,5,5,5,3,4,4,5,5,5,4,4,5,4,5,4,3,4,4,3,5,5,4,3,5,4,4,5,4,4,3,4,5,4,5,5,5,4,5,5,4,3,4,1,63,1,4
198.228.133.176,100,544,1,6/16/20 13:11,R_3fpAkXIquJMD0QN,37.75100708,-97.8219986,1,6,5,6,5,5,5,6,6,6,7,5,6,7,5,6,6,5,6,5,5,5,6,6,5,6,7,5,6,7,6,6,5,5,6,6,6,6,6,5,6,5,6,5,6,5,6,5,6,5,6,5,6,7,6,6,5,5,6,6,5,6,5,6,5,6,6,5,5,5,6,6,5,5,5,6,6,5,6,6,6,,,,,,,,,,,,,,,,,,,,,,,,,,,,,,,,,,,,,,,,,,,,,,,,,,,,,,,,,,,,,,,,,,,,,,,,,,,,,,,,,10,500,28,15,5,4,5,5,4,5,5,5,4,5,4,5,4,4,4,4,4,5,4,5,4,4,5,5,5,4,5,4,4,4,5,4,3,4,5,4,3,4,5,4,4,5,4,5,4,5,4,5,4,3,4,5,4,3,4,27,2,4
186.179.8.15,100,310,1,6/16/20 13:11,R_2Xh471xpjiS4AyD,42.06809998,-72.62560272,1,5,3,6,4,4,7,2,6,3,4,6,5,4,3,5,3,5,3,6,4,3,5,4,6,3,5,6,4,6,4,3,6,3,5,5,4,4,5,3,6,6,3,5,4,3,5,4,6,6,3,4,2,5,2,7,4,5,6,4,3,4,5,3,5,2,3,5,4,3,4,2,5,3,4,5,2,5,3,5,4,,,,,,,,,,,,,,,,,,,,,,,,,,,,,,,,,,,,,,,,,,,,,,,,,,,,,,,,,,,,,,,,,,,,,,,,,,,,,,,,,10,100,24,,3,3,4,2,2,2,3,3,3,2,4,2,3,4,3,3,4,3,2,4,2,3,3,4,2,3,4,3,3,3,2,3,4,3,2,3,3,2,3,4,3,2,3,5,4,3,3,3,3,4,3,3,2,4,4,44,1,4
172.76.92.210,100,373,1,6/16/20 13:13,R_1fma8FbkYeciS2R,43.06419373,-74.33399963,1,5,5,4,5,6,4,4,5,6,5,5,5,4,6,5,5,6,5,6,4,6,5,6,5,5,4,4,6,5,5,5,4,5,4,4,6,5,5,4,6,4,5,6,5,6,6,5,5,5,5,4,6,5,4,5,6,6,5,4,5,6,4,5,5,5,4,5,6,6,5,6,5,6,5,6,5,4,5,5,6,,,,,,,,,,,,,,,,,,,,,,,,,,,,,,,,,,,,,,,,,,,,,,,,,,,,,,,,,,,,,,,,,,,,,,,,,,,,,,,,,10,100,47,30,2,3,2,3,3,4,4,3,3,3,3,3,3,4,3,2,4,4,3,2,4,3,4,3,2,3,3,4,3,3,4,3,4,4,3,3,4,3,3,4,3,3,4,4,3,3,4,3,4,3,3,4,4,3,4,28,2,4
198.228.133.11,100,335,1,6/16/20 13:13,R_3HUhihrkBu4cmri,37.75100708,-97.8219986,1,4,6,6,5,4,5,5,6,4,6,6,5,4,6,5,5,6,4,5,5,7,4,6,4,4,5,5,6,5,5,6,4,4,5,5,6,6,6,7,5,4,5,6,6,5,6,5,4,6,5,5,4,5,6,6,4,6,4,5,5,4,6,6,5,4,5,6,5,5,6,5,4,4,6,5,5,5,5,4,6,,,,,,,,,,,,,,,,,,,,,,,,,,,,,,,,,,,,,,,,,,,,,,,,,,,,,,,,,,,,,,,,,,,,,,,,,,,,,,,,,10,,24,30,3,3,4,5,4,4,5,4,4,4,5,4,4,3,3,3,3,4,3,3,4,4,5,5,4,3,3,4,4,4,3,4,5,4,3,3,4,5,4,3,4,3,3,2,3,4,5,4,3,4,3,4,3,5,1,33,1,4
71.218.13.198,100,529,1,6/16/20 13:13,R_bqNMPAVLjOKLZgR,39.92410278,-105.0639038,1,6,7,6,7,6,7,6,7,7,6,6,7,6,6,7,7,6,6,7,7,6,6,6,7,6,7,6,7,7,6,6,7,7,7,6,6,6,7,7,6,6,7,7,6,7,6,7,6,7,6,7,6,6,7,7,6,7,7,6,6,7,7,6,6,7,6,6,7,7,6,7,6,6,6,7,7,6,7,6,7,,,,,,,,,,,,,,,,,,,,,,,,,,,,,,,,,,,,,,,,,,,,,,,,,,,,,,,,,,,,,,,,,,,,,,,,,,,,,,,,,10,thinking style,15,30,5,5,4,5,4,5,5,4,5,5,4,5,4,4,4,4,4,5,5,5,4,4,5,4,5,5,4,4,5,4,5,4,5,4,5,4,5,4,5,4,5,4,5,4,5,4,5,4,5,4,5,4,5,4,1,30,1,2
108.30.61.236,100,839,1,6/16/20 13:14,R_3MKVxO1fEEyVEHf,40.85490417,-73.21569824,2,,,,,,,,,,,,,,,,,,,,,,,,,,,,,,,,,,,,,,,,,,,,,,,,,,,,,,,,,,,,,,,,,,,,,,,,,,,,,,,,,2,3,6,4,4,2,6,3,6,2,4,3,3,4,6,2,2,3,6,4,7,3,5,4,3,5,4,6,2,4,6,5,6,2,4,5,5,4,6,2,6,4,2,3,4,5,3,2,3,4,2,5,4,3,6,5,4,2,6,1,6,3,4,2,5,2,3,4,3,2,4,5,4,6,3,2,3,2,4,5,10,100,24,15,1,5,2,3,5,,4,3,3,3,2,2,4,4,2,2,3,2,3,1,2,5,1,3,3,4,4,2,2,2,3,4,5,3,2,4,3,4,2,3,4,2,3,5,4,2,3,4,4,3,2,3,4,5,1,28,1,4
65.36.83.217,100,333,1,6/16/20 13:15,R_2V2yAhOC2Dbkzz9,30.2881012,-97.76399994,2,,,,,,,,,,,,,,,,,,,,,,,,,,,,,,,,,,,,,,,,,,,,,,,,,,,,,,,,,,,,,,,,,,,,,,,,,,,,,,,,,5,4,5,2,5,5,6,4,4,5,4,4,5,4,5,6,7,6,5,5,7,6,7,5,4,7,5,6,6,5,6,7,4,4,4,3,5,5,4,5,5,7,6,7,6,5,5,4,6,5,5,7,5,4,7,5,5,4,4,3,6,6,4,7,6,6,5,4,7,6,5,6,4,6,5,7,5,6,4,5,0,10,3,14,3,4,3,3,3,4,3,4,4,4,2,3,4,4,4,2,4,2,5,3,3,4,4,4,4,3,2,3,4,4,3,4,3,4,3,2,3,5,4,3,4,2,3,4,3,4,3,2,4,4,2,3,4,5,1,30,1,3
199.83.210.135,100,933,1,6/16/20 13:15,R_3ltUfYtmrT2KkYd,37.75100708,-97.8219986,2,,,,,,,,,,,,,,,,,,,,,,,,,,,,,,,,,,,,,,,,,,,,,,,,,,,,,,,,,,,,,,,,,,,,,,,,,,,,,,,,,5,4,6,5,3,4,4,5,5,5,5,4,6,4,5,3,4,3,5,4,4,,5,5,5,5,6,4,5,4,4,5,4,6,5,5,5,5,6,6,5,5,5,6,6,5,5,4,5,4,5,4,3,4,5,4,3,5,4,4,4,6,5,6,4,2,4,3,4,5,4,5,5,3,4,4,4,5,5,4,0.05,100,24,15,3,3,2,3,5,5,3,4,3,4,5,4,3,4,2,5,4,3,4,5,5,4,5,4,4,4,4,5,3,4,3,4,3,4,2,3,2,5,4,3,4,5,3,4,4,5,3,4,4,5,4,4,3,2,4,24,1,4
198.228.69.165,100,784,1,6/16/20 13:15,R_3ERpRgPajy1lJu9,37.75100708,-97.8219986,1,6,6,5,5,5,6,5,6,5,5,4,5,6,6,5,5,6,5,5,6,5,4,5,5,6,6,5,5,5,6,5,6,6,6,5,5,6,5,6,5,6,5,5,6,5,6,6,6,5,5,6,6,6,5,6,5,6,6,5,5,6,6,6,5,5,5,6,6,6,5,5,4,5,5,6,6,5,5,4,4,,,,,,,,,,,,,,,,,,,,,,,,,,,,,,,,,,,,,,,,,,,,,,,,,,,,,,,,,,,,,,,,,,,,,,,,,,,,,,,,,0.1,5,48,15,5,4,4,5,4,4,4,5,5,5,5,4,5,5,4,4,5,4,4,5,4,5,4,5,4,5,4,5,4,4,5,4,5,4,5,3,4,5,4,5,4,5,4,5,4,5,4,3,4,5,4,4,5,4,1,61,2,4
172.115.117.198,100,818,1,6/16/20 13:15,R_2xV6czZ8Z7gImzn,34.21929932,-118.9841995,1,4,7,5,6,5,7,6,6,4,3,2,3,7,6,5,6,6,5,6,6,5,6,5,7,5,6,6,6,5,6,4,5,5,6,4,5,5,6,5,7,6,7,5,6,7,6,6,5,5,6,5,6,6,5,6,7,7,6,6,5,6,5,6,7,7,7,6,6,5,5,6,6,6,7,6,5,5,6,7,5,,,,,,,,,,,,,,,,,,,,,,,,,,,,,,,,,,,,,,,,,,,,,,,,,,,,,,,,,,,,,,,,,,,,,,,,,,,,,,,,,0.05,5,47,29,4,5,4,4,5,4,5,4,4,5,4,4,5,5,4,4,5,5,4,4,5,4,4,5,4,4,5,5,5,4,5,4,5,4,5,4,5,4,5,5,4,4,5,4,4,5,4,4,4,5,4,4,5,4,4,31,2,2
208.192.16.193,100,702,1,6/16/20 13:15,R_1mgfKMbZKk5ryHn,40.43060303,-74.40200043,1,5,5,6,6,7,7,6,6,6,5,5,6,5,6,5,6,6,6,5,5,5,5,6,7,5,4,6,5,6,5,6,5,4,5,5,6,5,6,5,6,6,6,5,5,5,5,6,6,5,4,5,4,6,5,5,6,6,6,5,5,6,6,5,5,5,5,4,4,4,3,3,4,3,4,4,3,6,5,7,6,,,,,,,,,,,,,,,,,,,,,,,,,,,,,,,,,,,,,,,,,,,,,,,,,,,,,,,,,,,,,,,,,,,,,,,,,,,,,,,,,0.1,100,24,1,3,3,5,2,4,2,3,2,3,2,4,4,3,3,4,2,5,5,3,4,4,3,4,3,3,3,4,4,5,5,4,3,4,3,4,3,4,3,4,3,4,3,4,3,4,3,4,3,4,3,4,3,2,4,1,51,2,4
73.35.49.80,100,533,1,6/16/20 13:16,R_3JsiuYl2i3vdvc6,30.39579773,-81.68930054,2,,,,,,,,,,,,,,,,,,,,,,,,,,,,,,,,,,,,,,,,,,,,,,,,,,,,,,,,,,,,,,,,,,,,,,,,,,,,,,,,,6,7,6,7,7,6,6,7,7,7,6,6,7,7,6,6,7,6,7,6,6,7,6,7,6,7,7,7,7,7,6,6,7,7,7,5,7,6,7,6,6,7,6,7,7,6,7,6,7,6,7,6,6,7,7,6,7,6,7,6,6,7,6,7,6,7,7,6,7,6,7,6,7,6,6,7,7,6,6,7,5,10,noting,Searches related to Jerry received both the,4,4,4,5,5,4,5,5,5,4,4,5,4,5,4,5,5,5,5,5,4,4,5,5,5,4,4,4,5,4,5,4,5,4,5,4,5,5,4,5,4,5,4,5,4,5,4,5,5,4,5,4,5,4,1,32,1,3
73.76.133.251,100,478,1,6/16/20 13:16,R_3kq6ZmqMLDnzP4T,29.6914978,-95.04740143,2,,,,,,,,,,,,,,,,,,,,,,,,,,,,,,,,,,,,,,,,,,,,,,,,,,,,,,,,,,,,,,,,,,,,,,,,,,,,,,,,,4,5,5,4,5,5,4,4,4,5,5,6,4,4,5,5,4,7,6,5,5,4,4,6,6,5,4,5,6,5,4,4,4,3,4,4,5,4,5,4,5,4,4,5,4,4,5,5,4,5,4,5,5,4,5,6,6,5,4,4,5,4,5,4,4,5,4,5,5,7,6,4,6,5,4,5,5,6,4,4,1,100,48,15,3,1,4,2,4,3,2,1,3,2,4,3,2,3,5,4,5,4,5,4,4,3,3,4,4,3,5,3,4,5,3,4,4,3,2,4,4,3,4,5,2,3,4,5,4,3,3,4,5,4,3,3,4,5,1,33,2,4
97.70.108.88,100,929,1,6/16/20 13:16,R_1l48Kg1w4G8NnIA,42.50639343,-83.4068985,2,,,,,,,,,,,,,,,,,,,,,,,,,,,,,,,,,,,,,,,,,,,,,,,,,,,,,,,,,,,,,,,,,,,,,,,,,,,,,,,,,7,6,6,7,7,7,6,6,6,7,7,6,7,6,5,7,7,7,7,6,6,6,7,5,7,7,6,6,6,6,7,7,7,6,6,7,7,6,6,7,7,6,7,6,7,7,6,6,6,6,7,7,6,7,7,6,7,7,6,7,6,7,7,6,7,6,6,7,7,6,6,7,7,7,7,6,7,6,6,7,0.1,100,24,30,4,5,5,4,5,4,5,4,5,4,5,5,4,5,4,5,4,4,4,4,5,4,5,4,5,4,5,5,4,5,4,4,5,4,5,4,4,5,4,4,5,4,4,5,4,5,5,4,4,5,4,5,4,5,1,33,1,2
65.60.89.50,100,522,1,6/16/20 13:16,R_1mPqTxlnHVsP0lU,33.7256012,-117.9118958,2,,,,,,,,,,,,,,,,,,,,,,,,,,,,,,,,,,,,,,,,,,,,,,,,,,,,,,,,,,,,,,,,,,,,,,,,,,,,,,,,,2,4,2,4,7,5,4,5,3,4,5,4,4,5,3,3,4,4,3,6,4,3,4,4,5,3,4,3,2,3,3,4,3,3,6,5,4,3,5,6,3,2,2,1,5,3,5,3,6,2,6,5,3,3,6,3,4,5,3,1,6,5,3,4,5,3,3,2,3,4,3,5,3,5,3,4,2,3,2,4,0.05,5,47,29,2,4,4,3,2,3,1,3,3,5,1,3,2,3,2,3,1,2,5,5,4,5,5,5,4,4,3,4,5,1,1,1,4,1,1,2,3,4,1,4,5,5,1,1,1,1,5,4,1,1,1,1,5,5,4,38,1,4
71.38.250.183,100,365,1,6/16/20 13:17,R_27qlJxowkDrMCIm,36.1289978,-115.2764969,1,6,6,6,6,4,5,5,5,5,5,5,4,6,3,3,5,5,5,5,4,5,5,5,5,6,5,6,6,4,5,4,4,4,4,4,3,4,5,4,5,5,6,5,4,5,5,5,5,5,4,4,5,5,6,6,6,6,6,6,5,6,6,6,6,6,,5,6,5,6,5,6,4,5,5,5,4,3,4,4,,,,,,,,,,,,,,,,,,,,,,,,,,,,,,,,,,,,,,,,,,,,,,,,,,,,,,,,,,,,,,,,,,,,,,,,,,,,,,,,,100,100,200,800,2,3,2,2,3,4,2,3,4,2,2,2,3,3,2,2,4,2,2,2,2,2,4,3,2,2,2,4,2,5,3,2,3,3,3,4,2,2,3,,3,2,2,3,2,4,3,2,4,2,3,3,3,3,1,25,1,4
198.228.68.132,100,715,1,6/16/20 13:17,R_smXhA5teC2seBq1,37.75100708,-97.8219986,2,,,,,,,,,,,,,,,,,,,,,,,,,,,,,,,,,,,,,,,,,,,,,,,,,,,,,,,,,,,,,,,,,,,,,,,,,,,,,,,,,6,6,6,6,6,5,6,6,6,5,6,6,5,7,7,6,5,7,6,6,6,6,6,6,6,6,5,6,6,6,6,6,6,6,6,6,6,5,6,6,6,5,5,6,6,6,5,6,6,5,6,6,6,6,6,5,6,6,6,5,5,6,6,6,6,5,6,6,6,6,6,5,6,6,5,6,5,5,6,5,0.1,100,47,29,4,5,3,5,4,4,5,5,4,4,5,4,4,4,5,4,4,4,4,4,4,4,4,5,5,4,5,5,4,4,3,4,5,4,4,5,4,5,4,3,4,5,4,3,4,4,4,3,5,4,3,4,5,4,4,35,2,4
73.142.142.53,100,961,1,6/16/20 13:17,R_VPYe9IiVUl9OqWt,41.6026001,-72.97650146,2,,,,,,,,,,,,,,,,,,,,,,,,,,,,,,,,,,,,,,,,,,,,,,,,,,,,,,,,,,,,,,,,,,,,,,,,,,,,,,,,,3,3,3,3,1,1,3,1,3,3,2,3,2,2,3,1,3,3,2,3,4,4,6,4,2,3,4,3,1,1,2,1,4,4,2,2,5,4,2,2,1,3,2,1,6,3,1,4,4,4,3,5,4,4,3,3,1,1,1,2,4,5,2,4,4,4,5,4,3,4,2,4,5,5,4,4,2,1,2,1,0.05,100,24,29,1,1,4,4,4,1,4,4,4,1,1,4,1,1,1,4,4,1,4,4,4,4,4,4,3,1,3,1,3,1,1,1,1,1,1,1,1,1,3,1,3,3,1,1,1,1,1,1,1,1,1,1,1,1,1,25,1,4
184.59.118.148,100,350,1,6/16/20 13:18,R_Q4edGRNJ5YYmqQx,39.82550049,-84.20120239,1,3,4,5,2,6,3,5,4,6,3,5,4,3,5,4,2,6,4,5,4,4,5,3,2,5,3,6,4,5,4,6,3,2,4,3,5,3,4,4,5,3,4,3,5,4,5,3,5,6,6,4,3,3,5,6,4,4,5,3,5,2,5,4,3,5,4,6,3,3,4,5,6,3,4,5,6,3,5,4,5,,,,,,,,,,,,,,,,,,,,,,,,,,,,,,,,,,,,,,,,,,,,,,,,,,,,,,,,,,,,,,,,,,,,,,,,,,,,,,,,,1.1,5,48,15,,4,3,4,3,3,2,3,3,3,2,4,3,4,4,4,2,4,3,4,2,2,4,3,3,3,3,4,5,2,3,4,3,4,3,2,3,4,2,2,3,4,3,2,4,3,2,3,2,4,5,3,2,4,1,46,1,4
69.207.40.232,100,844,1,6/16/20 13:18,R_27vtoghMvYSE3yE,43.00369263,-78.84960175,1,5,2,4,4,4,3,2,3,4,2,2,2,4,4,4,3,4,5,5,4,4,3,4,4,5,2,2,2,5,2,2,2,5,3,3,3,6,4,2,4,3,2,2,2,5,4,4,4,3,4,4,4,4,5,4,5,4,4,3,5,5,4,4,4,2,4,4,3,3,4,3,3,5,3,3,3,3,4,2,3,,,,,,,,,,,,,,,,,,,,,,,,,,,,,,,,,,,,,,,,,,,,,,,,,,,,,,,,,,,,,,,,,,,,,,,,,,,,,,,,,0.05,5 minutes,47,30,3,4,3,4,4,4,4,4,3,3,4,4,4,3,3,4,4,4,2,3,2,4,3,5,4,4,4,3,4,3,3,3,3,3,4,1,2,4,4,3,4,1,2,3,3,1,1,3,2,2,2,2,2,2,4,28,1,1
63.117.151.101,100,1031,1,6/16/20 13:18,R_2D5lgGsfRM44H9L,40.76829529,-73.98020172,2,,,,,,,,,,,,,,,,,,,,,,,,,,,,,,,,,,,,,,,,,,,,,,,,,,,,,,,,,,,,,,,,,,,,,,,,,,,,,,,,,6,7,6,7,5,7,6,6,5,6,6,6,5,5,6,7,7,6,5,6,7,5,6,7,5,7,7,6,5,6,7,6,5,6,7,6,6,7,6,7,7,7,6,6,7,6,6,7,6,6,7,5,4,5,6,7,5,7,6,6,6,7,7,5,6,5,6,7,6,7,6,5,6,6,7,5,6,7,6,5,0.1,100,thanks,15,4,3,5,5,4,3,4,4,5,4,3,3,4,5,4,3,4,4,5,4,3,5,4,4,3,5,3,4,4,5,4,4,4,5,4,3,4,5,4,3,4,4,5,4,3,4,5,4,3,4,4,5,4,4,4,47,2,4
71.234.232.120,100,591,1,6/16/20 13:19,R_1reriS7exNqLcYq,41.31860352,-72.93019867,2,,,,,,,,,,,,,,,,,,,,,,,,,,,,,,,,,,,,,,,,,,,,,,,,,,,,,,,,,,,,,,,,,,,,,,,,,,,,,,,,,4,4,5,5,5,5,4,6,2,2,5,6,5,5,4,4,5,5,3,4,6,6,6,6,6,6,5,6,2,2,5,6,3,3,5,5,4,4,6,5,6,6,4,4,3,3,5,6,3,3,6,6,2,3,6,6,6,6,3,6,6,6,4,5,5,5,6,6,3,3,5,6,4,4,5,5,3,3,4,5,0.05,5 minutes,47 days,29,1,4,1,4,1,5,4,2,1,4,2,4,4,5,4,4,2,4,4,4,5,5,4,4,4,5,5,5,4,3,1,1,2,3,1,1,1,3,1,1,4,1,1,4,4,4,5,4,1,4,3,4,5,3,2,21,1,1
173.187.227.249,100,234,1,6/16/20 13:20,R_8AF1toiKzwTaB8d,34.04420471,-94.33860016,2,,,,,,,,,,,,,,,,,,,,,,,,,,,,,,,,,,,,,,,,,,,,,,,,,,,,,,,,,,,,,,,,,,,,,,,,,,,,,,,,,7,4,6,6,6,4,2,4,5,6,4,3,7,7,5,5,5,6,3,5,5,7,6,3,5,2,5,7,4,3,6,5,5,3,6,4,3,7,5,5,5,3,6,7,4,3,6,5,2,6,4,3,2,4,3,6,7,4,6,2,5,2,6,7,7,5,3,5,4,3,6,4,5,3,7,5,7,6,3,4,0.1,100,41,30,4,4,5,4,4,3,3,5,3,2,2,5,2,4,2,3,4,3,4,4,2,5,2,3,5,3,4,4,5,5,3,4,2,5,4,2,3,4,5,4,2,3,5,4,5,3,4,5,3,4,5,3,5,4,4,32,1,3
72.24.250.138,100,1213,1,6/16/20 13:20,R_1rrEDkcrUBER4kM,33.64649963,-96.61319733,1,7,4,5,5,4,6,7,5,5,5,4,7,7,4,5,6,5,7,4,5,4,5,5,7,5,5,7,4,6,5,5,4,7,5,5,4,7,5,4,5,7,5,4,6,5,4,7,5,4,5,5,7,4,7,5,5,7,5,4,5,5,7,4,5,7,4,5,5,5,6,4,7,7,5,5,4,5,7,4,5,,,,,,,,,,,,,,,,,,,,,,,,,,,,,,,,,,,,,,,,,,,,,,,,,,,,,,,,,,,,,,,,,,,,,,,,,,,,,,,,,0.1,5,47,30,4,5,4,4,3,4,5,3,4,4,4,3,5,3,4,5,2,4,4,4,5,4,4,5,4,3,3,3,4,5,4,3,4,5,5,4,3,4,5,4,3,4,5,5,4,3,4,5,4,3,4,5,4,4,1,26,2,3
181.214.176.106,100,749,1,6/16/20 13:20,R_r3GX6vbHJZkwijL,43.55470276,-96.74349976,1,6,7,7,7,6,7,5,4,7,7,6,6,6,7,6,6,7,7,6,7,6,5,4,5,6,6,7,7,6,7,6,7,7,6,7,6,5,7,6,7,6,7,7,7,6,7,6,6,7,7,7,6,6,7,6,5,6,6,7,7,7,6,7,7,6,7,7,6,7,5,7,6,6,6,7,7,4,6,5,7,,,,,,,,,,,,,,,,,,,,,,,,,,,,,,,,,,,,,,,,,,,,,,,,,,,,,,,,,,,,,,,,,,,,,,,,,,,,,,,,,1,3,2,2,4,4,4,5,5,5,5,4,5,5,4,5,5,4,5,5,5,5,4,5,5,4,5,4,4,5,5,4,4,4,5,5,5,5,4,4,5,5,5,5,5,5,5,5,4,4,4,4,4,4,5,5,5,5,4,30,1,5
71.47.163.136,100,1194,1,6/16/20 13:21,R_2CDn2qteypKO7a3,28.45379639,-81.4673996,1,6,7,7,6,6,7,7,6,5,6,6,7,6,7,6,7,6,6,7,7,6,7,7,6,7,7,6,6,5,6,7,6,7,7,6,6,7,6,6,7,7,6,7,6,7,7,6,6,7,6,6,7,7,6,7,6,7,6,7,6,7,6,6,7,6,7,6,7,7,7,6,6,6,6,7,7,7,6,7,6,,,,,,,,,,,,,,,,,,,,,,,,,,,,,,,,,,,,,,,,,,,,,,,,,,,,,,,,,,,,,,,,,,,,,,,,,,,,,,,,,0.1,5 minutes,47 days,29,4,5,5,5,5,4,4,5,4,5,5,4,4,4,4,5,4,5,5,4,4,4,4,5,5,5,4,4,5,4,5,4,5,4,5,4,5,4,5,4,5,4,5,4,5,4,5,4,5,4,5,4,5,4,1,32,1,2
174.250.30.2,100,631,1,6/16/20 13:21,R_2YWVs183xxdMNne,37.75100708,-97.8219986,2,,,,,,,,,,,,,,,,,,,,,,,,,,,,,,,,,,,,,,,,,,,,,,,,,,,,,,,,,,,,,,,,,,,,,,,,,,,,,,,,,1,1,1,1,3,2,3,3,2,2,4,3,3,3,3,3,3,3,3,1,2,3,2,3,2,2,2,1,4,3,4,3,4,4,3,3,1,1,1,1,4,4,3,4,3,1,3,2,3,2,2,3,1,2,1,2,2,2,2,1,5,4,4,3,1,1,1,1,3,3,3,4,2,3,3,2,2,2,2,3,10,100,24,30,4,4,4,4,3,3,3,5,3,4,4,3,5,3,4,4,4,3,3,4,4,4,3,1,3,3,5,3,5,5,4,3,4,3,4,4,2,2,3,4,3,3,4,3,4,4,4,,3,3,3,4,4,3,1,33,1,2
185.244.215.196,100,1026,1,6/16/20 13:21,R_bIVQxeePvJq54dz,40.71569824,-74,2,,,,,,,,,,,,,,,,,,,,,,,,,,,,,,,,,,,,,,,,,,,,,,,,,,,,,,,,,,,,,,,,,,,,,,,,,,,,,,,,,5,6,5,4,3,2,2,3,5,5,6,4,7,6,6,6,6,5,6,4,2,2,1,2,1,1,2,2,2,1,2,2,2,2,1,2,5,4,6,3,5,4,4,4,3,3,2,3,3,3,3,4,5,6,6,6,5,6,4,5,1,2,1,2,6,7,7,6,3,2,2,2,2,3,2,2,5,5,4,4,0.05,5,47,29,4,5,1,1,2,5,1,2,1,5,5,1,5,5,5,5,1,4,4,5,4,4,4,4,4,4,5,5,5,2,2,2,2,2,2,2,2,2,2,2,4,4,3,4,2,4,4,3,2,2,2,4,4,3,1,30,2,2
198.228.135.160,100,351,1,6/16/20 13:21,R_3qjt0TFllDjWDYd,37.75100708,-97.8219986,1,4,3,4,2,2,3,5,4,4,4,1,2,5,4,4,2,4,2,4,6,4,4,2,5,4,4,3,2,5,3,4,2,4,3,4,2,4,3,4,5,4,5,3,2,4,2,3,4,5,3,5,5,4,4,6,2,3,4,5,2,2,4,3,4,5,5,3,4,3,2,4,4,3,5,6,4,2,4,4,6,,,,,,,,,,,,,,,,,,,,,,,,,,,,,,,,,,,,,,,,,,,,,,,,,,,,,,,,,,,,,,,,,,,,,,,,,,,,,,,,,10,5,47,30,2,3,3,2,3,3,2,1,1,2,1,3,3,4,4,2,2,2,4,3,3,2,4,1,3,4,3,2,5,3,2,3,4,1,2,4,3,2,1,2,3,4,5,4,3,2,1,2,3,4,3,2,1,3,4,40,1,4
107.194.185.48,100,697,1,6/16/20 13:21,R_2uVWc0xuWYwJwfT,32.26040649,-90.08969879,1,5,4,5,4,5,5,5,4,5,5,4,5,5,5,5,4,6,5,5,5,5,5,5,5,5,5,4,5,6,6,6,5,4,4,5,5,5,5,5,5,5,6,6,5,4,4,4,5,4,4,5,5,5,4,5,5,5,4,5,5,5,5,5,5,5,4,5,5,5,5,5,5,5,5,4,5,5,5,5,4,,,,,,,,,,,,,,,,,,,,,,,,,,,,,,,,,,,,,,,,,,,,,,,,,,,,,,,,,,,,,,,,,,,,,,,,,,,,,,,,,10,5,24,30,3,3,3,2,3,3,4,3,3,3,4,3,3,3,3,3,3,4,4,4,4,3,4,4,4,4,4,4,4,4,4,4,3,3,4,4,3,3,3,3,4,3,3,3,4,4,3,3,3,3,3,3,4,3,1,50,2,4
73.44.201.72,100,1327,1,6/16/20 13:22,R_AiKgtoQl5fz0mkN,41.80949402,-87.65219879,2,,,,,,,,,,,,,,,,,,,,,,,,,,,,,,,,,,,,,,,,,,,,,,,,,,,,,,,,,,,,,,,,,,,,,,,,,,,,,,,,,2,2,4,3,1,2,2,3,4,3,4,2,4,3,2,4,3,2,3,3,3,4,4,4,3,5,5,5,3,2,2,3,1,2,2,2,3,2,3,2,3,4,2,3,2,3,2,2,4,5,4,5,2,2,2,2,2,4,3,4,5,4,4,4,4,5,4,4,4,3,5,3,1,1,1,1,2,2,4,2,5,5,47,31,4,4,1,1,2,4,1,3,2,5,4,1,4,5,5,2,1,4,3,2,2,2,2,3,3,3,5,5,5,1,1,1,2,1,1,1,3,1,3,1,4,4,3,2,1,2,1,2,1,1,1,1,3,1,4,34,1,2
73.158.91.237,100,352,1,6/16/20 13:22,R_1PZrdxeablA3y28,38.34669495,-121.9519043,1,7,6,5,7,6,7,6,7,6,7,6,7,7,7,6,6,6,6,6,5,6,6,5,7,7,5,5,7,6,7,6,5,7,6,7,5,7,6,6,7,6,6,7,5,6,6,7,5,7,6,7,4,5,6,5,7,6,6,7,6,5,7,6,6,7,5,4,6,6,6,7,5,7,6,7,5,7,7,6,6,,,,,,,,,,,,,,,,,,,,,,,,,,,,,,,,,,,,,,,,,,,,,,,,,,,,,,,,,,,,,,,,,,,,,,,,,,,,,,,,,0.1,100,24,30,4,4,5,4,5,5,5,5,4,4,5,4,4,4,5,4,5,4,5,4,5,4,4,4,4,5,4,5,4,4,5,4,4,4,5,4,4,4,5,4,5,5,4,4,5,4,4,5,4,5,4,5,5,5,1,66,2,4
72.218.90.232,100,253,1,6/16/20 13:23,R_W044fNtKTgRobZL,36.78160095,-76.07499695,1,5,4,4,6,7,5,4,6,5,4,6,4,5,6,4,7,4,5,7,6,4,4,6,5,5,4,4,6,5,7,4,6,6,5,4,5,7,6,5,5,6,6,4,5,4,6,7,5,5,6,7,4,6,5,4,4,4,6,6,5,4,6,6,5,6,7,4,5,5,4,6,6,4,5,6,5,4,6,5,5,,,,,,,,,,,,,,,,,,,,,,,,,,,,,,,,,,,,,,,,,,,,,,,,,,,,,,,,,,,,,,,,,,,,,,,,,,,,,,,,,0.1,5,47,8,4,5,4,4,5,4,3,3,4,3,5,4,3,3,5,3,3,3,4,3,3,4,4,3,3,3,5,5,5,4,3,5,4,4,3,4,5,3,5,3,4,4,3,5,4,5,4,3,4,4,3,3,5,4,1,47,2,3
73.176.234.229,100,270,1,6/16/20 13:23,R_3KIyigYBzNRP0YS,42.04870605,-87.89050293,1,5,6,7,6,6,7,6,7,6,6,5,6,,6,7,7,7,6,6,5,6,7,6,6,7,6,6,6,7,6,5,6,6,6,7,7,5,7,6,6,7,7,6,6,6,7,6,7,7,6,6,7,6,7,5,6,7,7,6,7,7,6,6,6,7,6,6,7,7,6,5,6,7,6,7,6,7,5,6,6,,,,,,,,,,,,,,,,,,,,,,,,,,,,,,,,,,,,,,,,,,,,,,,,,,,,,,,,,,,,,,,,,,,,,,,,,,,,,,,,,,,,,4,,5,4,,5,3,5,5,4,4,4,4,5,4,,5,5,5,4,5,4,4,4,5,3,4,5,4,4,5,4,3,4,4,,4,5,4,4,5,4,3,4,5,4,4,5,4,5,4,4,5,4,1,55,1,4
73.189.160.163,100,323,1,6/16/20 13:24,R_3kcUNz8wH07vcbp,37.24499512,-121.9541016,1,7,6,6,6,6,7,7,6,6,6,7,7,7,7,6,6,6,6,7,7,7,7,6,6,6,7,7,6,6,7,6,7,7,6,7,6,6,7,6,7,6,7,6,7,7,6,6,7,6,7,7,6,6,7,6,7,7,6,6,7,7,6,7,6,6,7,7,7,7,7,6,6,6,7,6,7,6,6,7,7,,,,,,,,,,,,,,,,,,,,,,,,,,,,,,,,,,,,,,,,,,,,,,,,,,,,,,,,,,,,,,,,,,,,,,,,,,,,,,,,,1,100,3,18,4,4,4,5,5,5,5,4,5,5,4,4,5,4,5,4,4,5,5,4,5,5,5,5,4,4,4,4,3,5,4,5,5,4,5,4,5,4,3,4,5,5,4,5,4,4,5,4,5,4,5,4,4,5,1,54,1,4
184.188.188.117,100,1531,1,6/16/20 13:25,R_3n0mTrUAaGcCHPr,36.09509277,-94.1753006,2,,,,,,,,,,,,,,,,,,,,,,,,,,,,,,,,,,,,,,,,,,,,,,,,,,,,,,,,,,,,,,,,,,,,,,,,,,,,,,,,,4,3,3,4,4,3,4,3,5,5,4,4,4,3,4,3,4,3,3,3,2,2,3,2,4,4,5,4,4,3,4,4,2,2,3,3,5,4,2,3,4,3,3,3,3,2,1,2,4,4,5,4,4,4,4,3,2,3,3,2,2,2,3,2,4,3,3,4,3,3,3,2,6,5,3,4,1,2,2,2,0.1,100,24,1,4,4,2,2,1,3,2,3,2,3,4,1,4,5,4,3,4,4,4,4,4,4,2,4,4,2,3,5,4,1,1,1,3,1,1,1,4,2,3,1,1,1,2,3,2,5,5,4,1,1,3,1,4,2,4,32,2,4
169.139.19.226,100,1174,1,6/16/20 13:26,R_1E07v4pcRSyN7pa,25.95620728,-80.18280029,2,,,,,,,,,,,,,,,,,,,,,,,,,,,,,,,,,,,,,,,,,,,,,,,,,,,,,,,,,,,,,,,,,,,,,,,,,,,,,,,,,5,5,5,4,4,4,2,4,6,6,4,4,5,5,3,4,5,5,3,4,3,2,4,4,6,6,6,4,5,6,4,4,4,4,1,4,4,4,1,4,6,6,6,4,6,6,3,4,6,5,5,3,4,3,6,4,4,4,5,4,6,6,5,4,5,5,3,4,5,5,4,4,3,3,3,4,1,1,1,4,0.05,5 minutes,47,29,3,4,1,3,1,3,1,3,4,3,5,1,3,5,3,1,2,4,3,3,4,4,3,2,2,2,5,5,5,3,2,3,5,5,1,3,5,5,5,3,3,3,3,3,3,5,5,5,3,2,5,5,4,5,1,31,1,2
100.40.119.222,100,913,1,6/16/20 13:26,R_31EQgDpW6hHGGiB,41.77560425,-71.35679626,1,2,2,2,2,4,5,5,4,4,4,4,3,2,1,2,1,4,3,4,3,4,4,4,4,5,4,5,4,5,5,4,5,4,4,4,3,4,3,3,4,3,4,3,2,3,4,4,3,4,4,4,4,3,2,3,4,4,3,4,3,3,3,3,3,4,3,4,3,5,5,4,4,2,2,2,2,3,3,2,2,,,,,,,,,,,,,,,,,,,,,,,,,,,,,,,,,,,,,,,,,,,,,,,,,,,,,,,,,,,,,,,,,,,,,,,,,,,,,,,,,0.1,5,24,29,4,4,3,4,2,4,4,4,4,4,4,4,4,4,3,3,2,3,4,4,4,4,3,4,4,4,4,4,4,2,3,3,,3,4,4,4,4,4,4,4,4,3,3,4,3,4,3,4,3,3,3,4,4,1,66,1,4
38.132.118.252,100,712,1,6/16/20 13:27,R_yt2p8rLDMmfmvwR,25.90919495,-80.3927002,2,,,,,,,,,,,,,,,,,,,,,,,,,,,,,,,,,,,,,,,,,,,,,,,,,,,,,,,,,,,,,,,,,,,,,,,,,,,,,,,,,6,6,5,5,6,4,5,5,6,5,6,7,7,6,6,5,6,5,4,7,5,5,7,4,5,6,6,4,5,5,6,6,6,4,5,7,7,5,6,4,5,7,6,4,6,6,5,5,6,5,5,6,5,7,4,4,4,7,5,5,4,5,6,5,5,5,5,5,5,6,7,4,5,5,7,6,7,5,5,6,10,100,47,30,5,4,3,4,5,5,3,4,4,5,5,4,5,4,4,5,4,4,4,3,5,4,5,4,4,3,3,4,4,4,5,3,4,4,4,3,5,4,3,4,5,3,5,4,4,3,4,5,5,4,4,5,5,4,1,29,2,4
75.181.95.152,100,396,1,6/16/20 13:28,R_1Qzn7vdeP0hUG2f,35.21000671,-80.85119629,1,7,7,7,7,5,6,6,7,6,5,7,6,6,6,7,7,7,7,7,7,6,5,7,6,5,7,6,6,5,6,7,6,7,5,6,6,6,6,7,5,7,6,6,5,7,6,7,6,7,5,6,6,6,6,5,7,6,6,6,6,7,5,6,6,7,6,5,6,7,7,6,6,6,5,6,6,7,6,6,5,,,,,,,,,,,,,,,,,,,,,,,,,,,,,,,,,,,,,,,,,,,,,,,,,,,,,,,,,,,,,,,,,,,,,,,,,,,,,,,,,1,5,30,13,3,4,4,4,4,5,5,5,4,4,4,5,3,4,3,3,4,5,3,3,5,5,3,4,4,4,4,5,4,4,5,4,5,4,5,4,5,4,5,4,5,4,5,4,5,4,5,4,5,4,3,3,4,5,4,45,1,2
192.180.12.203,100,1019,1,6/16/20 13:28,R_1CeHc3lsYbi99G0,41.12359619,-83.18190002,2,,,,,,,,,,,,,,,,,,,,,,,,,,,,,,,,,,,,,,,,,,,,,,,,,,,,,,,,,,,,,,,,,,,,,,,,,,,,,,,,,3,2,3,6,4,2,5,3,3,3,5,6,2,5,6,3,6,4,6,7,1,4,5,4,6,4,4,7,5,3,2,3,3,7,4,5,4,6,3,2,3,5,6,4,4,7,6,3,4,3,3,3,5,3,6,7,3,4,6,4,4,4,5,3,2,1,4,5,3,5,6,2,4,2,3,6,5,4,6,5,0.1,100,24,29,2,2,3,4,2,3,4,3,1,5,2,3,3,2,1,4,4,4,4,2,5,3,1,2,1,4,2,3,3,2,4,3,2,1,3,2,3,5,4,3,4,2,3,2,1,2,3,2,4,4,5,4,2,3,4,22,1,4
69.61.31.194,100,275,1,6/16/20 13:28,R_094ckaQMXRdU4db,37.75100708,-97.8219986,2,,,,,,,,,,,,,,,,,,,,,,,,,,,,,,,,,,,,,,,,,,,,,,,,,,,,,,,,,,,,,,,,,,,,,,,,,,,,,,,,,4,4,4,5,4,4,4,4,3,4,4,4,6,7,6,5,5,4,4,4,4,4,5,4,4,4,3,5,5,5,6,5,3,4,4,4,3,4,4,5,4,4,4,5,3,4,4,5,4,5,4,4,5,4,4,4,5,5,4,5,4,3,4,5,4,5,3,4,4,3,2,3,4,5,5,4,5,3,4,3,0.05,5,47,8,3,4,3,3,4,2,3,3,4,4,3,3,3,3,2,3,2,2,4,2,3,3,4,4,3,3,4,3,2,3,4,3,3,4,4,2,3,4,2,3,3,4,4,2,4,4,3,3,2,3,4,4,3,3,4,26,1,4
73.158.194.60,100,497,1,6/16/20 13:29,R_2yfPfwABQzDJkh8,37.75619507,-121.7700043,2,,,,,,,,,,,,,,,,,,,,,,,,,,,,,,,,,,,,,,,,,,,,,,,,,,,,,,,,,,,,,,,,,,,,,,,,,,,,,,,,,6,6,6,6,5,6,7,6,6,5,7,5,5,,6,6,5,,6,5,4,7,5,6,6,4,6,5,4,5,6,5,6,5,4,7,6,5,6,7,6,5,6,6,7,6,5,6,6,6,6,5,5,5,6,5,6,6,5,6,6,6,4,5,5,6,7,7,6,6,5,7,5,4,5,6,5,5,6,5,0.1,1hour 40minutes,24,1,3,4,4,4,4,4,4,4,3,4,4,4,4,4,4,4,3,4,3,4,4,4,4,4,4,5,3,4,4,4,3,4,4,5,4,5,4,4,4,5,4,4,4,5,4,4,4,5,4,4,3,4,4,4,1,46,1,4
24.160.26.12,100,487,1,6/16/20 13:29,R_1ruziIZoYzh3Smk,33.89250183,-98.52929688,2,,,,,,,,,,,,,,,,,,,,,,,,,,,,,,,,,,,,,,,,,,,,,,,,,,,,,,,,,,,,,,,,,,,,,,,,,,,,,,,,,7,6,5,5,6,7,5,6,7,7,7,5,6,7,6,7,7,7,7,7,5,7,7,7,7,7,6,7,6,7,6,7,7,7,6,7,6,7,6,7,6,7,5,5,6,6,6,7,5,6,7,7,4,7,7,7,5,7,7,6,7,6,6,6,5,7,5,6,6,6,6,7,6,7,7,6,6,7,7,7,1.1,10,thinking style,skin,5,5,5,4,4,5,4,5,5,4,4,5,5,5,4,4,4,4,4,5,5,5,5,1,4,5,5,3,4,3,4,5,5,5,4,5,5,4,5,4,5,5,5,5,5,4,5,5,5,4,5,5,5,5,1,30,1,2
68.230.28.254,100,407,1,6/16/20 13:30,R_2ylPpaagP2RG5O7,33.4743042,-112.1940002,2,,,,,,,,,,,,,,,,,,,,,,,,,,,,,,,,,,,,,,,,,,,,,,,,,,,,,,,,,,,,,,,,,,,,,,,,,,,,,,,,,5,5,6,6,7,7,6,7,7,6,7,6,7,7,7,6,5,6,6,7,7,6,6,7,7,5,6,6,6,7,7,6,6,6,7,7,6,5,6,5,6,6,7,5,6,6,5,7,7,6,5,6,5,6,6,5,6,5,5,6,6,5,6,5,4,4,3,5,6,6,7,5,5,4,5,5,7,6,6,5,0.1,100,24,29,5,,3,4,5,4,4,5,5,4,3,4,5,4,4,5,3,4,4,4,5,3,5,4,4,5,4,5,4,4,3,4,3,5,4,3,4,3,5,4,5,4,4,3,4,5,4,5,4,3,4,4,3,4,1,34,2,2
98.157.89.175,100,296,1,6/16/20 13:30,R_vvIWuLr4W2bc0Rb,39.4940033,-80.2220993,1,3,3,3,7,1,3,3,4,6,6,6,4,3,4,5,1,1,2,4,5,2,4,4,7,5,7,5,1,5,5,7,3,2,3,6,6,7,7,2,4,4,4,5,6,3,5,1,1,5,7,7,1,5,7,1,1,3,6,1,4,1,7,1,6,1,4,6,3,1,2,6,5,1,2,3,2,3,5,7,3,,,,,,,,,,,,,,,,,,,,,,,,,,,,,,,,,,,,,,,,,,,,,,,,,,,,,,,,,,,,,,,,,,,,,,,,,,,,,,,,,0.09,5,47,29,4,5,3,5,4,1,5,3,5,5,1,1,4,3,1,5,2,2,1,4,5,2,1,4,2,4,1,3,2,5,5,5,1,1,2,1,3,1,1,1,2,2,4,1,5,4,4,1,5,1,4,5,1,5,1,25,1,4
47.196.155.26,100,440,1,6/16/20 13:30,R_wMqElHaDhCdjI2d,28.07910156,-82.52449799,1,3,5,5,7,6,7,2,5,6,3,5,5,2,6,6,5,7,2,4,6,6,2,5,5,7,2,3,5,5,4,6,3,4,6,3,7,7,2,5,5,5,2,6,5,7,3,7,4,4,6,6,3,5,5,3,7,2,5,5,7,6,4,7,5,7,5,2,3,5,7,6,,6,7,6,4,1,5,4,6,,,,,,,,,,,,,,,,,,,,,,,,,,,,,,,,,,,,,,,,,,,,,,,,,,,,,,,,,,,,,,,,,,,,,,,,,,,,,,,,,0.1,100,41,30,4,3,2,2,5,4,4,4,3,3,2,5,5,5,5,2,3,4,5,4,2,3,2,5,3,3,2,5,4,5,2,4,5,3,2,4,5,3,4,2,5,3,2,4,5,2,4,5,4,2,1,3,5,4,4,32,2,3
100.38.90.230,100,628,1,6/16/20 13:30,R_Q3ry897bLtDKlz3,40.5980072,-73.94670105,2,,,,,,,,,,,,,,,,,,,,,,,,,,,,,,,,,,,,,,,,,,,,,,,,,,,,,,,,,,,,,,,,,,,,,,,,,,,,,,,,,2,,4,4,5,3,3,4,2,4,3,2,2,5,6,4,4,4,3,3,4,3,6,7,2,1,2,3,4,3,5,2,2,4,5,3,2,4,3,3,4,3,3,4,3,2,3,,,3,4,6,4,3,3,5,4,1,2,5,3,4,4,3,1,5,4,6,4,3,4,5,2,4,4,5,1,7,4,2,1,41,25,18,,3,4,3,3,4,4,,2,4,4,4,4,,5,3,5,4,3,2,3,3,1,2,,2,4,5,,4,5,4,5,3,3,,2,3,4,3,5,4,3,5,3,1,3,4,5,3,5,2,3,2,1,40,1,5
68.41.240.117,100,762,1,6/16/20 13:31,R_1rP7stVzxQIpBpv,42.4723053,-82.99669647,2,,,,,,,,,,,,,,,,,,,,,,,,,,,,,,,,,,,,,,,,,,,,,,,,,,,,,,,,,,,,,,,,,,,,,,,,,,,,,,,,,7,6,6,7,5,6,5,6,6,6,6,6,5,5,6,6,5,5,6,6,6,5,5,7,6,5,5,5,6,6,6,6,6,7,6,7,6,6,5,5,2,3,3,3,5,6,6,6,5,6,6,6,6,5,5,5,5,5,5,6,6,5,6,5,6,6,7,5,6,6,5,5,5,6,6,5,6,6,6,6,0.1,5,47,29,4,4,3,3,3,5,3,4,4,3,4,2,5,3,3,3,3,4,3,3,4,3,3,,2,5,4,5,4,4,4,4,5,3,4,3,4,4,4,5,4,3,3,4,5,2,3,3,4,5,4,5,3,4,1,66,1,4
64.145.93.108,100,661,1,6/16/20 13:31,R_e8urfLYceLap7AB,37.75100708,-97.8219986,1,6,7,7,6,6,7,7,6,5,5,6,6,6,5,7,5,6,6,5,5,5,6,7,5,6,5,6,7,7,5,6,6,5,4,7,6,6,7,7,6,6,5,5,4,7,6,6,7,6,4,5,6,7,5,4,6,6,5,3,4,6,3,5,4,7,6,4,6,7,6,4,6,5,6,3,4,5,6,3,5,,,,,,,,,,,,,,,,,,,,,,,,,,,,,,,,,,,,,,,,,,,,,,,,,,,,,,,,,,,,,,,,,,,,,,,,,,,,,,,,,5 cents,5,47,15,5,5,1,1,2,5,2,1,1,5,5,1,5,5,5,1,1,5,4,4,2,4,2,1,5,3,2,4,4,1,1,1,1,1,1,1,2,1,2,1,1,1,1,1,1,1,1,1,1,1,1,1,1,1,1,31,1,4
8.39.235.151,100,307,1,6/16/20 13:31,R_XiypnLc7JR16h8Z,44.01849365,-121.2984009,2,,,,,,,,,,,,,,,,,,,,,,,,,,,,,,,,,,,,,,,,,,,,,,,,,,,,,,,,,,,,,,,,,,,,,,,,,,,,,,,,,3,7,2,6,3,7,4,6,7,3,3,5,5,3,3,5,3,3,4,6,4,3,6,4,4,4,2,7,3,3,3,5,5,7,3,4,5,3,5,2,4,6,2,4,3,4,5,4,6,2,3,3,3,3,6,5,6,4,7,2,3,3,6,3,4,4,2,6,2,7,4,4,4,2,4,5,5,3,3,3,5,5,47,21,3,3,3,4,3,2,3,4,2,4,2,5,4,5,3,4,2,2,,3,1,3,2,5,4,4,4,4,2,3,5,3,2,3,3,4,3,5,3,3,3,1,3,3,5,3,5,2,4,2,1,2,4,4,4,25,1,4
104.37.172.55,100,581,1,6/16/20 13:31,R_R2Ygh1VxOMOp9Rv,37.75100708,-97.8219986,2,,,,,,,,,,,,,,,,,,,,,,,,,,,,,,,,,,,,,,,,,,,,,,,,,,,,,,,,,,,,,,,,,,,,,,,,,,,,,,,,,7,5,6,6,7,6,7,7,7,7,6,5,6,6,7,7,6,6,7,7,7,6,6,5,6,7,7,6,7,6,7,6,6,6,7,7,6,6,7,7,7,6,5,6,6,5,6,7,6,6,5,7,5,6,7,6,7,6,7,5,6,7,6,7,5,7,6,6,7,6,6,7,6,5,7,7,6,7,7,6,0.1,100,24,15,4,4,4,4,4,5,4,5,4,5,3,5,4,5,5,3,4,5,5,4,4,5,5,5,5,4,4,4,4,4,5,4,5,5,4,3,4,5,4,3,5,4,5,4,4,4,5,5,4,5,5,4,5,4,1,66,1,4
204.195.128.192,100,824,1,6/16/20 13:31,R_54RT0dtaZ2zSjUl,39.88639832,-79.72489929,2,,,,,,,,,,,,,,,,,,,,,,,,,,,,,,,,,,,,,,,,,,,,,,,,,,,,,,,,,,,,,,,,,,,,,,,,,,,,,,,,,1,1,1,1,1,1,1,1,1,1,1,1,1,1,1,1,1,1,1,1,1,1,1,1,1,1,1,1,1,1,1,1,1,1,1,1,1,1,1,1,1,1,1,1,1,1,1,1,1,1,1,1,1,1,1,1,1,1,1,1,1,1,1,1,1,1,1,1,1,1,1,1,1,1,1,1,1,1,1,1,0.05,5 minutes,47 days,30,4,4,2,2,2,4,2,2,2,4,4,2,4,4,2,2,2,4,4,4,4,4,4,4,4,4,4,4,4,1,1,1,1,,1,1,1,1,2,1,1,1,1,1,1,1,1,1,1,1,1,1,1,1,2,54,1,4
174.27.36.136,100,609,1,6/16/20 13:31,R_3ERcpqNCJGyUWvm,43.57800293,-116.2953949,1,6,3,5,6,4,6,6,7,3,7,4,5,6,7,4,7,7,4,7,6,5,6,4,4,6,7,5,5,6,5,6,7,7,7,4,6,6,5,7,4,6,5,6,7,7,6,4,7,6,7,5,3,4,6,7,5,6,4,7,6,7,5,5,7,6,4,7,7,7,7,6,6,6,7,6,6,5,6,4,6,,,,,,,,,,,,,,,,,,,,,,,,,,,,,,,,,,,,,,,,,,,,,,,,,,,,,,,,,,,,,,,,,,,,,,,,,,,,,,,,,0.05,5,48,15,5,4,5,4,5,4,5,4,5,4,5,4,5,5,4,5,4,4,4,5,3,5,3,5,3,4,3,4,5,4,5,5,3,4,5,3,4,5,3,3,5,4,4,3,5,5,4,4,5,3,4,4,4,3,1,62,1,4
24.112.79.34,100,1442,1,6/16/20 13:32,R_2BzJuaeorcugvkK,34.00259399,-96.3832016,1,2,2,5,3,5,5,4,5,5,5,4,5,5,5,3,5,6,6,4,6,6,6,5,5,6,6,5,7,5,5,4,5,6,4,5,3,5,5,3,5,3,3,2,4,5,5,3,5,3,3,4,4,6,6,5,6,3,2,1,4,4,4,3,4,4,4,5,3,2,2,1,2,3,3,2,4,4,3,1,5,,,,,,,,,,,,,,,,,,,,,,,,,,,,,,,,,,,,,,,,,,,,,,,,,,,,,,,,,,,,,,,,,,,,,,,,,,,,,,,,,0.1,5 minutes,47 days,29,5,5,1,1,1,5,1,1,2,5,4,1,5,5,5,1,1,5,5,5,5,5,5,2,3,4,3,4,2,4,4,4,3,5,1,3,5,3,4,2,3,5,3,5,1,4,1,4,2,2,3,3,4,4,1,49,2,4
173.172.14.239,100,384,1,6/16/20 13:32,R_33qlnofjrePxYl9,32.87559509,-96.74949646,1,6,7,7,6,7,7,6,6,6,7,7,6,7,6,6,7,6,7,7,6,6,7,6,7,7,6,7,6,7,7,6,6,7,6,6,7,6,7,7,6,6,5,6,7,5,6,7,6,7,7,6,6,7,6,7,6,6,7,7,6,6,7,7,6,7,7,6,6,7,6,6,7,6,6,7,7,6,7,7,6,,,,,,,,,,,,,,,,,,,,,,,,,,,,,,,,,,,,,,,,,,,,,,,,,,,,,,,,,,,,,,,,,,,,,,,,,,,,,,,,,1.1,5,48,30,5,5,4,4,4,5,5,4,4,4,5,5,5,4,5,5,5,4,5,4,5,4,4,5,5,5,4,4,4,4,5,4,5,4,4,5,4,5,4,5,4,5,5,4,5,4,5,4,5,4,5,4,5,4,4,59,1,2
198.228.80.41,100,437,1,6/16/20 13:33,R_3fjG2PzyVc1A36I,37.75100708,-97.8219986,2,,,,,,,,,,,,,,,,,,,,,,,,,,,,,,,,,,,,,,,,,,,,,,,,,,,,,,,,,,,,,,,,,,,,,,,,,,,,,,,,,4,7,6,7,6,7,6,5,5,7,6,5,6,7,6,4,3,6,7,5,5,6,7,7,3,7,6,6,6,6,7,5,7,5,6,7,4,6,5,5,4,7,5,4,7,6,5,6,7,6,5,7,7,7,6,5,5,5,7,6,7,7,5,6,5,6,7,6,7,7,6,6,6,7,7,5,6,7,4,7,1,0.1,47,30,4,4,4,3,4,5,5,5,2,5,5,4,3,4,4,4,3,5,4,5,4,5,2,4,5,4,5,4,3,4,5,3,2,3,5,3,4,5,4,3,4,5,3,2,3,5,4,4,5,3,2,3,5,4,4,45,2,4
69.142.76.222,100,2016,1,6/16/20 13:33,R_1lzoHLn3zXrosWx,39.37730408,-74.61229706,1,4,4,4,3,3,3,1,3,6,6,6,6,4,3,4,3,3,3,4,4,4,4,4,4,6,4,3,4,4,4,4,4,4,4,5,3,3,3,1,3,4,4,1,3,2,2,1,2,4,4,1,4,3,2,1,2,2,2,1,2,4,4,1,4,4,4,1,4,3,3,1,3,4,4,4,4,4,4,1,4,,,,,,,,,,,,,,,,,,,,,,,,,,,,,,,,,,,,,,,,,,,,,,,,,,,,,,,,,,,,,,,,,,,,,,,,,,,,,,,,,0.1,100,24,1,2,4,4,4,3,2,4,5,4,3,2,2,2,4,2,3,4,2,5,5,5,5,5,5,5,5,5,5,4,1,1,1,1,3,5,1,3,2,1,1,3,1,1,2,2,4,1,1,1,1,3,2,5,5,1,27,2,4
69.61.79.190,100,493,1,6/16/20 13:33,R_3iOQ4IHfgNc28MW,37.75100708,-97.8219986,1,5,4,4,5,3,4,4,4,5,5,4,4,3,4,5,4,3,4,5,,2,4,5,3,6,5,4,5,5,4,4,5,3,5,5,4,5,5,3,5,4,5,5,3,5,3,5,4,5,3,5,4,3,4,5,4,4,3,3,2,4,4,5,3,3,4,5,3,3,2,4,4,5,4,3,5,5,3,4,4,,,,,,,,,,,,,,,,,,,,,,,,,,,,,,,,,,,,,,,,,,,,,,,,,,,,,,,,,,,,,,,,,,,,,,,,,,,,,,,,,5,100,47,15,4,4,2,4,3,4,4,3,2,3,4,3,3,3,3,4,3,2,3,3,3,4,4,4,4,2,3,3,2,3,2,4,4,5,3,2,3,4,3,2,4,3,4,3,2,4,4,4,3,4,3,2,3,4,1,25,2,4
24.6.178.244,100,361,1,6/16/20 13:34,R_3so8bjxXWfnXxra,37.53370667,-122.0289001,2,,,,,,,,,,,,,,,,,,,,,,,,,,,,,,,,,,,,,,,,,,,,,,,,,,,,,,,,,,,,,,,,,,,,,,,,,,,,,,,,,5,6,5,4,5,4,5,4,5,4,5,5,5,5,4,5,4,5,4,5,5,6,4,5,5,5,4,4,5,5,4,5,4,5,5,5,4,5,5,5,5,4,5,4,5,5,5,6,5,4,5,4,5,5,4,4,3,4,4,4,5,5,4,4,5,6,6,5,6,5,5,5,4,4,5,5,6,6,5,5,0.1,5 minutes,47,28,2,4,4,3,3,4,4,4,4,3,4,3,3,3,4,3,3,3,4,2,4,,3,4,3,4,4,4,3,4,3,2,3,4,4,3,4,3,4,3,4,3,4,3,3,4,4,3,3,4,4,3,4,3,1,38,1,3
68.104.90.76,100,1830,1,6/16/20 13:35,R_1pAKXIBjsdGf0IM,36.12199402,-115.0859985,2,,,,,,,,,,,,,,,,,,,,,,,,,,,,,,,,,,,,,,,,,,,,,,,,,,,,,,,,,,,,,,,,,,,,,,,,,,,,,,,,,5,6,6,5,6,7,5,5,5,6,7,,5,6,6,5,6,5,4,5,6,4,5,5,5,6,5,4,6,4,5,5,5,6,6,5,6,5,5,4,5,6,,5,4,5,6,6,3,4,6,6,5,6,4,6,5,4,5,6,4,5,6,6,6,5,4,5,5,6,5,5,6,4,6,5,6,7,5,4,0.1,,4,29,3,3,2,4,4,4,2,4,4,4,4,1,4,3,3,4,3,3,4,4,4,3,3,5,5,4,4,4,4,4,2,3,4,4,3,4,3,4,4,3,5,,,,,,,,3,4,4,3,5,4,1,44,1,2
24.255.6.46,100,2191,1,6/16/20 13:36,R_1eF4DsrRStZELzt,33.27520752,-111.7081985,1,4,4,1,4,,,,,1,3,1,4,1,1,1,1,1,3,5,1,1,1,1,1,4,4,6,1,1,1,1,1,1,1,1,1,4,4,5,4,1,1,1,1,1,4,5,4,1,4,5,1,1,1,1,1,1,1,1,1,1,1,2,1,4,4,4,1,4,4,1,4,1,1,1,1,4,4,4,4,,,,,,,,,,,,,,,,,,,,,,,,,,,,,,,,,,,,,,,,,,,,,,,,,,,,,,,,,,,,,,,,,,,,,,,,,,,,,,,,,0.05,5,47,31,5,5,1,1,1,1,1,1,4,5,4,1,1,5,5,1,1,1,5,5,5,5,4,4,5,5,5,5,5,1,1,1,1,1,1,1,1,1,1,1,4,1,1,5,1,5,5,1,1,1,1,1,1,1,4,38,1,4
108.204.224.81,100,488,1,6/16/20 13:37,R_28Y4YBcdgmFOVpC,41.53979492,-83.58940125,1,3,5,4,3,5,4,4,6,5,5,6,6,4,5,5,6,6,6,5,5,4,4,5,4,5,5,4,6,6,6,7,6,4,5,5,4,5,5,4,5,5,4,5,6,4,5,4,6,4,4,5,5,4,6,5,4,4,5,4,5,4,3,2,3,4,4,4,3,4,4,5,3,5,3,4,4,4,5,4,5,,,,,,,,,,,,,,,,,,,,,,,,,,,,,,,,,,,,,,,,,,,,,,,,,,,,,,,,,,,,,,,,,,,,,,,,,,,,,,,,,0.1,5,47,15,4,2,4,3,4,4,4,3,4,3,3,3,4,3,4,3,2,3,3,3,4,4,4,2,3,4,3,2,3,3,4,3,3,2,3,4,3,2,3,3,4,3,3,2,4,3,3,4,3,2,3,4,3,3,1,30,2,4
47.197.198.132,100,663,1,6/16/20 13:38,R_3078zvpYOSNAgUu,28.02059937,-82.45739746,1,5,5,7,6,4,5,4,6,,,,,5,4,6,4,4,5,5,5,4,5,5,4,6,5,4,5,4,3,3,4,5,6,5,5,6,5,5,6,6,5,5,4,6,5,6,5,5,5,5,6,5,5,6,4,6,5,5,7,5,4,4,3,4,4,4,5,6,5,5,4,5,4,6,5,5,5,5,4,,,,,,,,,,,,,,,,,,,,,,,,,,,,,,,,,,,,,,,,,,,,,,,,,,,,,,,,,,,,,,,,,,,,,,,,,,,,,,,,,0.1,100,70,30,4,5,4,4,3,4,4,3,4,4,4,5,3,3,4,4,3,4,3,3,3,3,4,4,4,4,3,5,4,4,4,3,5,4,3,3,4,3,5,4,4,5,4,3,4,5,4,3,4,4,5,3,4,4,1,43,1,3
71.135.197.173,100,226,1,6/16/20 13:38,R_305FEpvTJshyKXa,39.7953949,-86.26580048,2,,,,,,,,,,,,,,,,,,,,,,,,,,,,,,,,,,,,,,,,,,,,,,,,,,,,,,,,,,,,,,,,,,,,,,,,,,,,,,,,,6,5,6,7,5,6,6,5,5,6,4,5,7,7,7,7,5,4,6,5,6,5,6,7,6,5,6,5,5,7,6,6,6,5,6,5,5,5,4,6,5,5,6,4,6,5,6,7,5,4,6,7,6,5,6,7,5,5,6,5,5,6,6,6,6,4,5,5,5,5,6,4,5,7,6,6,6,5,4,5,10,5,24,10,5,4,3,4,4,3,4,4,4,5,3,5,4,5,3,5,4,4,3,4,5,5,4,4,4,5,4,4,3,4,5,4,3,4,5,4,3,4,5,4,3,4,5,4,3,4,5,4,3,4,5,4,3,4,1,32,2,4
8.39.235.75,100,298,1,6/16/20 13:38,R_10BMvsDkhJv6FXD,42.18890381,-122.6907959,1,5,4,5,6,4,6,5,5,4,4,3,5,5,4,5,4,5,4,4,5,5,4,4,3,5,5,6,4,6,4,5,5,5,4,6,5,5,6,4,5,4,4,3,5,4,3,4,3,3,2,4,3,3,3,4,4,4,3,5,4,4,2,3,3,4,3,2,3,5,4,4,3,4,3,3,4,6,4,5,5,,,,,,,,,,,,,,,,,,,,,,,,,,,,,,,,,,,,,,,,,,,,,,,,,,,,,,,,,,,,,,,,,,,,,,,,,,,,,,,,,0.05,5,47,28,2,2,3,3,3,3,2,3,4,4,4,4,3,4,3,3,3,3,3,3,3,3,4,2,4,4,3,4,3,4,3,4,3,2,3,4,3,2,3,4,3,2,3,4,3,4,3,2,3,4,3,2,3,4,1,25,2,4
100.38.90.230,100,466,1,6/16/20 13:38,R_2CQGMoRMHRtXcLd,40.5980072,-73.94670105,1,5,5,6,7,3,5,4,4,7,6,5,4,4,3,3,4,2,2,6,2,3,5,3,4,3,3,4,5,4,5,5,4,4,5,2,3,3,2,3,2,3,4,5,2,1,6,6,7,2,4,4,2,7,5,6,3,4,5,6,6,4,5,2,3,3,4,2,1,4,5,4,3,2,3,3,4,5,4,3,3,,,,,,,,,,,,,,,,,,,,,,,,,,,,,,,,,,,,,,,,,,,,,,,,,,,,,,,,,,,,,,,,,,,,,,,,,,,,,,,,,8,45,58,5,3,3,2,3,2,4,3,2,1,4,4,2,2,4,2,3,3,3,1,,3,1,2,4,2,,2,1,1,2,1,2,1,2,3,2,3,2,3,4,5,4,3,4,3,2,3,2,3,3,,2,3,3,1,40,1,5
24.130.3.203,100,215,1,6/16/20 13:38,R_2BkvtkCHpjISsUC,37.72009277,-121.9189987,2,,,,,,,,,,,,,,,,,,,,,,,,,,,,,,,,,,,,,,,,,,,,,,,,,,,,,,,,,,,,,,,,,,,,,,,,,,,,,,,,,4,3,4,3,3,3,3,2,2,2,1,1,2,2,1,1,3,3,2,3,4,4,3,4,1,2,2,2,1,2,1,1,3,4,3,3,4,3,2,3,1,1,1,1,3,2,3,5,2,2,2,2,2,1,1,2,1,1,2,1,1,1,1,1,1,1,1,1,2,1,1,1,2,1,2,2,1,1,2,2,0.1,100,24,15,3,3,3,3,4,3,3,3,4,2,3,3,3,3,3,3,2,,1,4,3,3,3,3,3,3,4,2,4,2,3,3,4,3,3,4,3,3,2,3,4,3,3,3,4,3,2,3,3,3,3,4,3,3,1,30,1,1
71.231.177.209,100,853,1,6/16/20 13:38,R_1qg1OCCmYnqPC5R,47.67219543,-122.1257019,2,,,,,,,,,,,,,,,,,,,,,,,,,,,,,,,,,,,,,,,,,,,,,,,,,,,,,,,,,,,,,,,,,,,,,,,,,,,,,,,,,7,,7,6,6,7,6,7,7,7,6,7,6,7,7,7,,,,,7,6,7,7,7,6,6,7,6,7,7,7,7,7,6,7,6,7,6,7,6,7,6,7,7,7,6,7,7,6,5,7,7,7,7,6,7,7,6,6,6,7,6,7,7,7,6,7,7,7,7,6,7,7,6,7,7,6,7,5,1,100,1152,2,5,4,5,4,5,5,5,4,5,4,5,5,4,5,5,,4,4,5,5,5,4,4,5,4,5,4,4,4,5,4,5,4,5,,4,5,4,5,4,5,4,4,5,4,5,5,4,5,4,5,4,5,5,1,30,1,5
24.113.86.246,100,541,1,6/16/20 13:38,R_egoMUpgzpjJ9UvD,47.69200134,-122.716095,2,,,,,,,,,,,,,,,,,,,,,,,,,,,,,,,,,,,,,,,,,,,,,,,,,,,,,,,,,,,,,,,,,,,,,,,,,,,,,,,,,6,7,5,7,7,5,5,7,7,5,6,7,5,7,6,7,7,6,5,7,6,5,6,6,6,5,7,6,5,7,6,7,7,6,6,5,5,7,6,6,6,5,7,6,6,6,6,5,5,7,7,6,6,5,6,7,6,7,6,5,5,6,5,7,6,7,6,5,7,5,6,7,7,6,7,5,6,5,7,6,0.1,100,47,30,5,4,4,4,5,5,5,4,5,4,5,4,3,5,3,5,3,5,5,4,5,4,5,5,5,4,4,4,3,4,5,4,5,3,5,4,5,4,5,3,5,4,5,4,5,3,4,5,4,5,3,5,4,5,1,32,1,2
72.178.45.81,100,1221,1,6/16/20 13:38,R_e3Eyts5EnbShtMB,28.89549255,-99.09539795,1,7,6,6,5,7,6,7,7,7,6,7,6,6,5,7,6,6,4,5,7,7,6,5,7,5,7,7,6,6,5,6,7,7,7,6,7,6,7,7,7,5,6,7,6,7,7,6,6,7,6,7,7,7,6,6,5,7,6,6,7,6,7,7,7,6,7,6,7,7,7,6,7,4,5,6,4,7,6,6,6,,,,,,,,,,,,,,,,,,,,,,,,,,,,,,,,,,,,,,,,,,,,,,,,,,,,,,,,,,,,,,,,,,,,,,,,,,,,,,,,,0.1,100,48,15,5,5,4,5,4,4,5,5,,5,4,4,4,4,4,5,5,4,5,4,5,4,4,4,5,5,4,5,5,5,4,5,4,4,5,4,5,4,5,4,5,4,5,4,5,4,4,4,5,5,4,5,4,5,1,60,1,4
68.48.1.3,100,689,1,6/16/20 13:39,R_3inh9pVu7CgJluI,42.73669434,-84.47579956,2,,,,,,,,,,,,,,,,,,,,,,,,,,,,,,,,,,,,,,,,,,,,,,,,,,,,,,,,,,,,,,,,,,,,,,,,,,,,,,,,,5,3,4,4,3,4,5,3,5,5,5,4,3,5,3,3,6,4,6,4,4,4,5,5,4,3,4,4,5,5,5,3,3,5,3,2,5,3,6,3,5,4,4,5,3,6,5,6,5,4,5,4,4,4,5,3,3,4,7,6,4,5,4,6,4,5,6,4,5,4,3,4,5,6,3,6,4,6,4,6,0.05,5,47,29,4,3,2,2,2,3,2,4,2,4,2,5,4,2,4,2,4,3,2,2,2,3,4,4,3,3,4,2,4,4,3,2,3,4,3,3,3,2,2,2,4,4,4,5,5,5,5,3,2,2,2,4,3,4,1,35,1,4
71.199.148.86,100,915,1,6/16/20 13:39,R_3fPgMWZ4iZfUqkc,33.56309509,-84.58319855,1,5,4,6,7,7,6,5,4,4,5,6,7,5,6,7,4,6,4,7,5,7,5,6,4,5,5,7,6,6,6,5,5,5,6,4,7,5,6,4,7,5,4,7,6,6,5,7,6,5,6,4,7,5,7,6,7,5,7,5,6,7,6,5,7,7,5,4,6,7,6,4,5,7,5,6,6,4,6,7,5,,,,,,,,,,,,,,,,,,,,,,,,,,,,,,,,,,,,,,,,,,,,,,,,,,,,,,,,,,,,,,,,,,,,,,,,,,,,,,,,,0.1,100,24,10,3,4,4,3,3,4,5,4,4,3,4,4,4,4,3,5,5,5,4,5,5,5,4,3,4,4,4,3,4,4,5,4,3,4,5,4,3,4,5,4,3,4,5,4,3,2,3,3,4,5,4,3,4,5,2,30,1,2
73.0.125.88,100,622,1,6/16/20 13:39,R_3KCP5Fch3QRFNJj,27.26210022,-80.38349915,2,,,,,,,,,,,,,,,,,,,,,,,,,,,,,,,,,,,,,,,,,,,,,,,,,,,,,,,,,,,,,,,,,,,,,,,,,,,,,,,,,5,4,5,7,5,5,4,3,3,1,5,5,6,6,5,4,6,4,6,5,6,5,7,4,3,3,5,6,5,6,4,4,5,5,7,4,7,4,6,3,7,5,5,4,7,5,2,5,4,3,5,3,4,6,4,6,5,3,4,6,3,5,5,4,7,5,4,6,4,6,7,3,5,4,5,6,4,3,5,4,34,80,24,15,4,5,2,2,4,3,3,3,3,1,3,4,5,2,4,4,4,1,2,2,4,3,3,3,5,4,1,3,5,2,3,2,2,5,3,4,4,2,3,4,5,3,2,4,5,3,2,4,4,3,3,2,3,3,1,42,2,2
99.37.102.0,100,546,1,6/16/20 13:40,R_0pr273Xp49CcvaF,38.78300476,-90.63510132,1,7,5,7,6,7,7,6,6,6,6,7,7,6,6,7,7,7,6,7,6,7,6,7,6,6,6,7,7,6,6,7,7,6,7,7,6,6,7,6,7,4,2,3,4,6,6,7,7,2,1,1,2,6,7,7,6,7,6,6,7,6,7,7,6,6,7,7,6,7,6,7,6,7,6,7,6,6,6,7,7,,,,,,,,,,,,,,,,,,,,,,,,,,,,,,,,,,,,,,,,,,,,,,,,,,,,,,,,,,,,,,,,,,,,,,,,,,,,,,,,,$ .2.10,100,5,30,5,5,4,4,5,4,4,4,4,5,4,4,5,4,4,5,4,5,4,5,4,5,4,4,5,5,4,5,5,4,4,4,4,4,5,4,5,4,5,4,5,4,5,4,5,4,5,4,5,4,5,4,5,4,1,65,1,2
155.254.17.233,100,604,1,6/16/20 13:40,R_C8LUuiODikW7AB3,44.01849365,-121.2984009,2,,,,,,,,,,,,,,,,,,,,,,,,,,,,,,,,,,,,,,,,,,,,,,,,,,,,,,,,,,,,,,,,,,,,,,,,,,,,,,,,,4,5,6,5,3,4,5,4,4,5,4,5,5,4,4,4,5,3,4,4,5,4,4,3,4,3,4,4,4,5,3,4,4,5,5,4,4,3,5,4,4,4,3,4,5,4,5,4,4,4,3,5,5,4,5,4,5,4,3,4,4,4,4,3,4,5,4,3,4,5,5,6,3,3,4,4,4,3,4,5,0.1,20,24,30,4,3,3,3,4,3,3,4,3,3,3,4,4,4,3,3,3,4,3,3,4,4,4,4,4,3,4,4,3,3,4,4,3,4,4,3,4,4,3,4,3,4,4,3,4,3,4,3,4,4,3,4,3,3,1,25,1,4
174.58.202.105,100,1158,1,6/16/20 13:42,R_bDGJTIAyQYkrIwp,28.39390564,-81.42160034,1,5,6,7,6,6,7,5,6,6,7,6,5,5,6,6,7,5,6,7,6,6,5,6,7,6,7,6,5,6,5,6,7,6,6,7,5,5,6,7,6,7,5,6,6,6,6,5,7,6,6,7,5,5,6,6,7,7,6,5,6,6,6,7,5,6,7,5,6,6,7,6,5,7,6,6,5,5,6,6,7,,,,,,,,,,,,,,,,,,,,,,,,,,,,,,,,,,,,,,,,,,,,,,,,,,,,,,,,,,,,,,,,,,,,,,,,,,,,,,,,,1,50,24,The class is very like and very interesting ,4,4,4,5,5,4,5,4,5,5,4,5,5,4,4,4,5,5,4,4,5,5,5,4,4,5,4,4,5,4,5,4,5,4,5,4,5,4,5,4,5,4,5,4,5,4,5,4,5,4,5,4,5,4,1,39,2,2
76.185.203.224,100,889,1,6/16/20 13:45,R_3Mhh0XKUZYNOeWy,29.35209656,-98.6108017,2,,,,,,,,,,,,,,,,,,,,,,,,,,,,,,,,,,,,,,,,,,,,,,,,,,,,,,,,,,,,,,,,,,,,,,,,,,,,,,,,,6,5,5,4,4,6,5,5,4,6,5,5,5,6,5,4,5,5,6,6,4,4,5,6,4,4,5,5,6,5,5,6,3,5,6,4,6,5,6,5,5,4,7,6,6,5,4,5,6,4,5,5,5,5,5,5,6,4,5,5,7,6,6,5,5,6,4,5,6,5,5,6,5,6,4,5,4,6,5,5,10,100,"patch doubles in size. If it takes 48 days for the patch to cover the entire lake, how long would it take for the patch to cover half of ..",30,4,4,3,3,3,3,3,4,3,4,3,4,3,4,4,4,4,4,5,4,5,4,3,4,4,5,3,4,3,3,4,3,4,5,5,4,3,4,5,4,3,4,3,3,4,4,5,4,3,3,3,4,5,4,1,60,1,5
23.111.188.5,100,1669,1,6/16/20 13:45,R_268ODgDqWu8iyA9,28.33180237,-82.24459839,2,,,,,,,,,,,,,,,,,,,,,,,,,,,,,,,,,,,,,,,,,,,,,,,,,,,,,,,,,,,,,,,,,,,,,,,,,,,,,,,,,6,2,4,4,6,7,7,7,6,4,4,5,6,7,4,4,4,3,4,4,3,6,4,4,5,4,7,4,4,7,6,4,6,7,7,5,5,3,3,4,5,4,4,5,4,3,2,3,4,6,6,6,4,5,7,7,4,4,3,,4,4,4,4,4,4,4,3,5,4,2,4,4,3,1,3,4,4,4,3,0.1,5minutes,72,30,5,4,1,4,5,3,1,1,4,2,5,1,3,5,3,2,1,4,5,5,5,4,5,5,4,2,3,5,5,1,2,3,4,5,2,1,2,5,4,5,5,3,2,4,5,5,5,5,3,2,3,4,5,5,1,35,1,2
73.192.236.10,100,780,1,6/16/20 13:46,R_1pGp7he989ZmDXf,38.00039673,-121.3105011,2,,,,,,,,,,,,,,,,,,,,,,,,,,,,,,,,,,,,,,,,,,,,,,,,,,,,,,,,,,,,,,,,,,,,,,,,,,,,,,,,,7,6,6,6,6,7,6,7,7,7,6,6,7,7,6,6,6,7,6,7,7,7,6,6,6,7,7,6,7,6,6,6,7,7,6,6,7,6,6,7,7,6,7,6,7,7,6,6,6,6,7,6,7,6,6,6,6,7,7,6,6,6,7,7,7,7,6,6,7,6,7,6,7,6,7,6,7,6,7,7,0.1,100,96,15,4,5,4,4,5,5,4,4,5,4,4,5,5,5,5,4,5,4,4,5,5,5,5,4,5,4,4,4,5,5,4,4,5,4,5,4,4,5,4,5,5,4,5,4,5,4,5,4,4,5,4,4,5,4,1,48,1,2
76.18.133.21,100,507,1,6/16/20 13:48,R_pQ67D6tGJx2KNZn,36.0164032,-86.56150055,2,,,,,,,,,,,,,,,,,,,,,,,,,,,,,,,,,,,,,,,,,,,,,,,,,,,,,,,,,,,,,,,,,,,,,,,,,,,,,,,,,6,7,6,7,6,7,7,7,6,7,7,6,6,7,6,7,7,6,6,7,7,7,6,7,7,7,6,7,7,6,6,7,6,7,6,7,7,7,7,6,7,6,6,6,7,7,6,7,6,6,7,6,6,6,7,7,7,7,6,6,7,7,7,6,6,7,7,7,6,6,,6,7,6,6,7,7,6,6,7,,5,47,29,4,5,5,4,5,5,5,4,4,4,5,5,5,4,4,5,4,4,5,4,4,5,3,5,5,4,4,4,4,5,4,5,5,4,5,5,4,5,4,5,5,4,5,4,5,5,4,5,4,5,5,4,5,4,1,32,2,2
96.41.248.176,100,640,1,6/16/20 13:48,R_3dJMsVxxG4E5Drs,44.83299255,-91.51249695,1,6,4,7,5,7,7,6,6,6,7,7,6,5,6,5,7,6,6,7,5,7,5,7,6,5,7,5,4,6,3,5,5,7,6,5,7,7,6,5,6,7,5,4,6,7,5,4,6,5,4,6,4,6,7,7,5,6,6,7,5,7,6,6,5,7,5,7,6,7,5,7,6,6,5,7,4,5,6,4,7,,,,,,,,,,,,,,,,,,,,,,,,,,,,,,,,,,,,,,,,,,,,,,,,,,,,,,,,,,,,,,,,,,,,,,,,,,,,,,,,,10,100,47,29,5,5,3,4,3,4,4,4,5,3,3,4,5,5,2,5,4,4,3,5,4,4,3,5,5,4,5,3,4,3,2,4,5,3,5,4,2,5,4,3,3,5,5,4,2,,4,5,3,3,2,5,5,4,1,35,1,3
47.211.126.158,100,432,1,6/16/20 13:48,R_2aK2Z2fYzFLIXnG,31.22320557,-92.32029724,1,5,3,4,4,4,6,7,3,3,5,4,2,5,4,3,5,3,4,5,4,5,3,6,2,7,3,4,5,4,5,5,6,6,4,3,3,2,5,3,7,3,5,6,2,4,6,5,3,4,6,7,3,3,4,5,6,5,6,3,4,2,5,6,3,5,7,4,3,5,6,3,4,3,4,2,6,5,2,6,4,,,,,,,,,,,,,,,,,,,,,,,,,,,,,,,,,,,,,,,,,,,,,,,,,,,,,,,,,,,,,,,,,,,,,,,,,,,,,,,,,10,100,24,15,1,2,4,3,3,3,3,2,2,2,4,3,,4,5,1,3,2,3,4,1,4,2,3,3,4,5,3,2,1,2,2,3,4,3,2,2,3,4,5,4,4,2,3,2,2,3,5,1,3,4,5,3,2,4,45,2,4
64.137.72.195,100,390,1,6/16/20 13:49,R_1jeWQk5Ct3jm7kx,37.75100708,-97.8219986,1,7,1,6,7,5,5,6,1,1,4,4,4,6,6,2,4,4,5,3,5,5,2,6,5,7,3,2,4,1,1,6,5,3,6,5,3,2,5,7,2,6,7,2,7,5,6,1,2,5,1,7,4,3,3,2,3,5,7,7,4,4,1,1,6,4,7,2,5,3,2,2,7,6,2,3,4,6,6,6,5,,,,,,,,,,,,,,,,,,,,,,,,,,,,,,,,,,,,,,,,,,,,,,,,,,,,,,,,,,,,,,,,,,,,,,,,,,,,,,,,,10,46,74,15,1,2,2,5,2,5,2,5,4,4,4,3,4,5,4,1,4,3,5,5,2,4,1,1,5,1,5,4,1,3,1,3,2,3,4,2,2,3,2,2,1,5,4,4,4,3,2,3,5,1,2,1,4,2,1,43,2,4
76.28.212.24,100,727,1,6/16/20 13:50,R_bl5MOC4OLPOe7hD,48.79899597,-122.4499054,2,,,,,,,,,,,,,,,,,,,,,,,,,,,,,,,,,,,,,,,,,,,,,,,,,,,,,,,,,,,,,,,,,,,,,,,,,,,,,,,,,7,6,7,6,6,7,7,6,7,7,6,6,7,6,6,7,6,6,7,7,6,5,7,6,7,6,7,6,7,6,7,6,6,6,6,7,5,7,6,6,6,5,6,5,6,6,7,7,6,5,6,7,6,5,5,6,6,6,6,5,5,6,6,5,6,5,6,6,6,7,6,7,6,6,6,5,5,6,6,5,10,,24,15,5,4,5,4,5,5,5,5,4,5,4,4,5,4,4,5,4,4,5,5,4,4,5,4,4,5,5,5,4,5,4,5,4,5,4,5,5,5,4,4,5,4,5,4,5,4,5,5,4,5,4,5,4,5,1,35,1,2
73.254.0.177,100,405,1,6/16/20 13:52,R_2tG3DDYAIoAikdt,47.72290039,-122.1960983,2,,,,,,,,,,,,,,,,,,,,,,,,,,,,,,,,,,,,,,,,,,,,,,,,,,,,,,,,,,,,,,,,,,,,,,,,,,,,,,,,,6,7,7,6,6,6,7,7,7,7,6,6,7,6,5,7,5,6,6,7,6,6,7,7,5,7,7,6,6,6,7,7,7,6,5,6,6,7,6,7,6,5,7,7,6,6,7,7,6,7,6,5,6,7,7,6,7,6,6,7,7,7,6,6,7,5,6,7,6,7,6,7,6,7,5,7,6,7,6,7,0.1,100,96,30,4,3,4,4,5,3,4,5,4,5,5,3,5,4,4,4,5,4,4,4,5,4,3,3,5,4,4,5,5,5,4,5,4,3,5,5,4,5,4,3,4,5,4,4,5,3,4,5,4,,5,4,5,4,1,54,1,2
45.50.231.64,100,1484,1,6/16/20 13:53,R_3PYw3RenkWhRzEC,33.73719788,-117.8231964,2,,,,,,,,,,,,,,,,,,,,,,,,,,,,,,,,,,,,,,,,,,,,,,,,,,,,,,,,,,,,,,,,,,,,,,,,,,,,,,,,,4,5,5,5,6,6,6,6,6,6,6,6,6,6,5,6,6,7,6,7,6,6,7,6,6,7,6,6,7,6,5,6,7,5,6,6,7,6,5,6,6,6,6,7,7,6,6,7,5,7,6,5,6,6,6,6,6,6,7,6,6,7,6,6,6,6,6,5,6,6,6,6,6,6,7,6,4,5,4,5,0.1,5,47,29,4,4,2,2,4,4,3,4,4,2,4,3,4,4,3,4,3,3,4,4,5,5,4,5,5,5,4,5,4,4,4,5,5,4,3,4,4,5,3,4,4,4,3,4,5,4,4,3,4,5,4,3,4,5,1,46,1,4
66.69.151.13,100,497,1,6/16/20 13:53,R_3Pcv1cVNe1cdYtl,33.86540222,-98.52519989,2,,,,,,,,,,,,,,,,,,,,,,,,,,,,,,,,,,,,,,,,,,,,,,,,,,,,,,,,,,,,,,,,,,,,,,,,,,,,,,,,,6,6,7,6,5,4,3,6,4,6,5,3,5,4,3,6,7,4,6,5,7,3,5,6,5,6,4,2,7,5,6,3,6,6,5,4,6,4,5,3,3,6,7,6,4,5,6,7,6,7,4,7,7,6,6,7,6,6,5,7,3,5,7,6,6,7,5,7,3,2,7,5,4,7,6,3,5,6,7,4,10,100,24,5,4,5,4,1,3,3,3,2,4,3,3,4,3,2,4,5,2,4,4,3,5,3,3,5,4,3,2,2,4,4,2,4,5,4,3,4,2,5,4,3,2,3,4,5,3,4,1,2,3,5,4,3,2,4,1,33,1,2
24.90.132.185,100,482,1,6/16/20 13:54,R_22rzuJk3Z569K2G,40.71490479,-73.98930359,2,,,,,,,,,,,,,,,,,,,,,,,,,,,,,,,,,,,,,,,,,,,,,,,,,,,,,,,,,,,,,,,,,,,,,,,,,,,,,,,,,7,7,7,7,6,7,6,7,6,6,7,7,4,2,2,4,6,5,6,5,7,6,7,6,7,6,7,6,4,5,5,5,7,7,7,7,7,7,7,7,4,3,3,2,7,7,7,7,7,7,7,7,3,3,3,3,5,5,6,5,4,4,4,3,7,7,7,7,4,5,5,5,6,6,6,5,4,4,4,4,10,5,4.5,30,1,5,5,5,5,5,5,1,5,5,5,5,,5,1,5,5,5,5,5,5,5,5,5,5,5,5,5,5,5,4,4,5,4,5,4,4,5,4,4,5,4,4,5,4,5,5,5,5,4,4,5,5,5,1,40,2,4
97.80.183.99,100,1289,1,6/16/20 13:54,R_2a9vnaXpEWJcXTQ,34.30889893,-83.82489777,1,7,3,6,5,5,7,6,4,5,4,3,6,6,4,3,5,3,5,4,6,5,6,4,3,3,6,7,5,6,4,5,7,4,5,6,3,4,5,6,3,3,4,6,5,5,4,7,6,4,5,7,6,6,5,3,7,3,6,5,4,5,7,4,6,5,3,4,6,5,4,3,6,6,7,5,4,7,6,5,4,,,,,,,,,,,,,,,,,,,,,,,,,,,,,,,,,,,,,,,,,,,,,,,,,,,,,,,,,,,,,,,,,,,,,,,,,,,,,,,,,0.1,5,47,15,2,5,2,4,2,4,4,4,4,4,3,2,3,5,5,3,5,4,3,4,4,2,5,3,4,2,4,3,5,4,3,5,2,4,4,2,4,3,5,4,4,5,2,4,3,5,4,4,5,3,4,2,4,3,1,32,1,3
68.104.42.241,100,602,1,6/16/20 13:58,R_1LoqMZxRmMGyOXK,35.98539734,-115.1193008,2,,,,,,,,,,,,,,,,,,,,,,,,,,,,,,,,,,,,,,,,,,,,,,,,,,,,,,,,,,,,,,,,,,,,,,,,,,,,,,,,,5,4,4,5,6,6,5,5,4,5,5,6,4,4,6,5,5,4,4,3,5,3,4,4,5,5,6,7,5,5,4,6,5,5,4,6,4,6,5,5,4,6,6,5,6,6,5,7,4,3,6,5,4,5,6,5,4,4,5,6,4,6,5,5,5,7,6,6,6,4,5,5,3,4,5,4,6,5,4,6,0.1,1000,10,200,4,4,4,3,3,2,3,3,5,4,2,4,4,3,3,3,3,4,3,4,4,4,3,4,5,4,3,5,5,4,3,,3,4,2,3,4,3,4,5,4,3,4,3,4,5,4,3,4,5,4,3,4,3,1,25,2,5
2.56.32.234,100,617,1,6/16/20 13:58,R_2UXGMaSkOwHg2ta,47.60920715,-122.3314056,1,5,6,6,4,4,3,5,3,3,4,3,4,3,3,4,4,3,4,5,5,4,4,6,5,4,3,3,4,3,4,4,3,4,3,3,4,3,4,2,4,4,4,4,3,4,3,4,5,2,4,3,4,4,4,3,3,3,6,4,5,4,3,2,4,3,4,3,4,4,5,6,4,3,4,3,4,3,5,3,4,,,,,,,,,,,,,,,,,,,,,,,,,,,,,,,,,,,,,,,,,,,,,,,,,,,,,,,,,,,,,,,,,,,,,,,,,,,,,,,,,0.1,5,47,14,5,3,4,3,3,5,3,3,3,5,4,4,3,5,5,4,5,4,4,5,4,3,4,5,5,3,3,4,4,4,2,4,3,4,3,3,4,3,4,3,4,4,5,4,3,4,3,4,3,5,3,4,3,4,1,44,1,2
198.228.135.134,100,755,1,6/16/20 13:59,R_1n1I2fyNIBA8r3R,37.75100708,-97.8219986,2,,,,,,,,,,,,,,,,,,,,,,,,,,,,,,,,,,,,,,,,,,,,,,,,,,,,,,,,,,,,,,,,,,,,,,,,,,,,,,,,,2,3,2,3,3,6,5,5,5,5,7,3,,6,6,5,4,5,6,6,2,3,6,4,2,4,3,2,5,4,5,,3,6,4,3,5,7,4,4,3,2,3,4,1,1,1,1,2,3,3,5,3,4,3,3,3,2,2,3,3,2,5,3,3,3,4,2,3,3,3,5,3,4,5,3,2,3,4,3,1.05,5,47,29,2,2,4,2,4,3,4,3,3,5,4,4,5,4,5,3,3,3,3,3,3,2,3,,3,4,4,5,3,2,,,4,3,1,3,4,3,4,4,3,4,2,3,3,5,3,4,2,4,5,4,2,4,1,28,1,4
70.94.80.91,100,845,1,6/16/20 13:59,R_2tfVWNp5dYcWzvu,38.81210327,-94.53399658,1,5,4,6,4,7,4,5,6,7,6,5,6,6,6,5,7,6,7,6,7,6,5,7,4,6,6,7,5,5,6,5,7,4,5,7,6,6,4,7,5,5,4,7,6,6,7,5,6,5,4,6,4,7,6,6,7,6,5,7,6,6,6,5,7,6,5,6,7,5,7,6,6,5,4,6,7,7,6,4,5,,,,,,,,,,,,,,,,,,,,,,,,,,,,,,,,,,,,,,,,,,,,,,,,,,,,,,,,,,,,,,,,,,,,,,,,,,,,,,,,,$1.00 ,100,24,30,5,4,3,4,5,5,3,4,4,4,5,5,4,4,4,5,5,5,5,5,5,5,5,4,4,3,4,4,4,3,4,5,5,4,3,4,5,4,3,4,5,5,4,3,4,5,4,3,4,5,4,4,4,5,1,42,1,2
181.214.61.59,100,1925,1,6/16/20 13:59,R_enuu2f5gIRM4pQR,41.84829712,-87.65170288,2,,,,,,,,,,,,,,,,,,,,,,,,,,,,,,,,,,,,,,,,,,,,,,,,,,,,,,,,,,,,,,,,,,,,,,,,,,,,,,,,,4,3,2,3,3,4,3,4,3,2,5,2,4,4,3,4,2,4,3,3,4,5,5,5,4,4,4,4,4,4,3,2,4,4,3,3,3,3,4,3,1,1,1,1,2,2,2,3,2,2,3,2,2,3,2,3,4,3,3,3,3,4,2,3,4,4,3,3,2,2,3,3,4,3,4,4,3,3,2,3,0.05,100,32,30,3,3,4,5,3,3,4,2,5,4,5,4,4,5,4,4,4,3,4,4,5,4,5,3,3,1,5,5,5,4,4,5,3,2,4,5,4,3,3,4,5,2,3,2,4,3,3,4,5,4,5,5,2,3,1,35,2,2
24.90.132.185,100,352,1,6/16/20 14:01,R_2nHtLF7oP2khDeV,40.71490479,-73.98930359,1,6,6,6,6,7,7,7,7,6,6,5,6,6,6,6,6,6,6,6,6,7,7,7,7,7,7,7,7,7,7,7,7,4,5,5,5,4,4,4,4,5,6,6,6,4,5,4,5,3,3,3,3,5,6,6,6,4,4,4,4,4,4,4,4,7,7,7,7,2,2,2,2,5,5,5,4,2,2,2,3,,,,,,,,,,,,,,,,,,,,,,,,,,,,,,,,,,,,,,,,,,,,,,,,,,,,,,,,,,,,,,,,,,,,,,,,,,,,,,,,,10,5,4.5,30,4,5,1,5,5,5,4,4,5,5,5,1,1,1,1,4,4,4,4,5,5,5,5,5,4,4,4,3,5,4,5,4,5,4,4,4,4,5,5,5,5,5,4,4,4,4,5,4,4,4,4,5,5,5,1,40,2,4
68.49.241.73,100,476,1,6/16/20 14:01,R_AgidFWl6GEf0lYB,42.33630371,-83.13480377,2,,,,,,,,,,,,,,,,,,,,,,,,,,,,,,,,,,,,,,,,,,,,,,,,,,,,,,,,,,,,,,,,,,,,,,,,,,,,,,,,,5,6,4,6,3,5,5,4,5,4,6,7,5,7,4,6,5,6,7,6,7,5,4,6,5,7,6,6,4,6,5,6,7,5,6,6,6,6,5,4,5,4,6,5,5,6,6,4,4,6,6,5,4,6,6,5,5,4,5,6,7,5,6,6,6,5,6,7,5,6,5,7,5,4,6,5,6,5,4,5,0.05,5,47,29,3,3,3,4,3,4,5,5,3,4,4,5,4,3,4,4,4,4,3,4,4,5,3,5,3,4,4,4,4,4,3,4,5,4,3,4,3,4,5,4,3,4,5,4,3,3,4,5,4,3,4,5,4,5,4,62,1,4
68.119.166.250,100,973,1,6/16/20 14:02,R_1PXIwEg03f1pQjJ,43.07249451,-89.44909668,1,3,4,3,4,4,4,5,4,4,4,1,3,5,4,4,3,3,4,5,3,5,4,2,3,4,3,3,3,3,4,3,3,3,4,5,4,4,4,3,4,3,4,5,4,4,3,2,4,4,4,2,4,5,5,5,4,4,4,5,4,3,3,5,4,4,3,2,3,4,4,4,4,4,4,3,3,4,5,5,4,,,,,,,,,,,,,,,,,,,,,,,,,,,,,,,,,,,,,,,,,,,,,,,,,,,,,,,,,,,,,,,,,,,,,,,,,,,,,,,,,0.05,5 minutes,47,15,2,2,4,3,4,2,4,4,4,3,3,2,2,4,2,4,4,2,4,4,4,4,4,2,4,4,5,2,5,1,1,1,3,2,1,1,2,4,1,1,3,1,1,4,1,5,5,2,1,1,1,1,4,2,1,23,2,4
107.197.248.156,100,605,1,6/16/20 14:02,R_26lNxfoh9Lx2GCZ,25.76409912,-80.27020264,1,6,6,5,6,6,7,7,7,7,6,7,6,6,7,5,7,5,6,6,7,6,5,7,6,6,6,7,5,6,5,6,7,5,5,6,7,7,6,5,7,6,6,7,5,4,5,4,5,4,5,5,4,6,7,7,6,6,6,5,7,6,6,7,5,5,6,6,7,7,6,5,6,7,6,7,6,6,6,7,6,,,,,,,,,,,,,,,,,,,,,,,,,,,,,,,,,,,,,,,,,,,,,,,,,,,,,,,,,,,,,,,,,,,,,,,,,,,,,,,,,1.3,50,148,15,5,4,4,4,3,5,5,5,,4,4,4,3,2,,4,4,4,5,4,4,5,5,3,4,4,5,5,4,4,5,5,4,5,3,4,3,5,4,3,4,5,5,4,4,5,4,5,4,5,4,5,3,4,1,30,1,4
146.168.149.220,100,761,1,6/16/20 14:03,R_1OWgXqUnH4kKWbW,38.17919922,-76.99590302,2,,,,,,,,,,,,,,,,,,,,,,,,,,,,,,,,,,,,,,,,,,,,,,,,,,,,,,,,,,,,,,,,,,,,,,,,,,,,,,,,,1,1,1,1,1,2,2,3,3,2,4,2,2,1,1,2,1,1,1,1,4,3,4,4,3,4,4,4,2,1,1,2,2,2,2,2,1,1,1,1,2,2,1,2,3,4,3,2,3,2,2,2,4,4,4,4,2,2,3,2,4,4,4,4,1,1,2,1,2,1,3,2,1,1,2,2,4,4,2,3,10,5,24,15,4,5,1,1,1,4,1,2,2,4,5,1,3,4,5,3,1,5,4,4,4,4,4,3,4,4,5,5,5,3,3,3,4,4,1,1,4,3,1,1,3,4,4,2,1,5,3,3,3,1,1,3,3,3,4,54,1,4
73.75.194.243,100,700,1,6/16/20 14:03,R_1NytUsJOPxs8JgA,41.16830444,-87.87789917,1,7,7,7,7,5,6,5,6,7,7,6,7,6,7,6,7,7,7,7,7,7,7,6,6,6,6,7,7,6,5,5,6,5,5,4,4,6,6,7,7,6,5,6,6,6,5,6,5,6,7,6,7,5,5,4,5,5,4,5,4,5,4,5,4,6,6,5,5,6,5,5,6,6,5,5,5,6,5,6,4,,,,,,,,,,,,,,,,,,,,,,,,,,,,,,,,,,,,,,,,,,,,,,,,,,,,,,,,,,,,,,,,,,,,,,,,,,,,,,,,,0.05,100,47,15,4,5,5,5,4,5,4,5,5,4,4,5,5,4,5,5,4,5,4,4,4,5,5,4,4,5,5,5,5,5,5,4,5,5,4,4,5,5,5,4,5,5,,4,4,5,5,5,4,4,4,4,5,5,1,31,1,2
68.206.78.227,100,1069,1,6/16/20 14:04,R_1Cac6pmbaXtxAZP,26.25160217,-98.22709656,1,6,6,7,5,5,7,6,6,6,5,7,5,5,6,6,7,6,7,5,6,5,6,7,6,7,6,6,5,6,6,5,5,6,5,7,6,4,6,5,6,6,6,7,5,,,,,6,7,6,5,4,5,6,5,6,6,5,7,6,6,5,7,5,6,5,5,6,7,6,5,6,6,5,5,5,6,5,6,,,,,,,,,,,,,,,,,,,,,,,,,,,,,,,,,,,,,,,,,,,,,,,,,,,,,,,,,,,,,,,,,,,,,,,,,,,,,,,,,0.1,5,47,14,5,5,,4,3,3,4,4,3,5,4,4,4,3,4,5,4,4,4,4,4,5,4,4,3,4,5,4,3,4,5,4,3,4,4,3,5,3,4,4,3,5,4,4,5,5,3,4,4,5,3,4,5,4,1,34,1,2
71.194.65.127,100,838,1,6/16/20 14:04,R_YXH9ctW24oXoD3H,41.80400085,-87.70700073,2,,,,,,,,,,,,,,,,,,,,,,,,,,,,,,,,,,,,,,,,,,,,,,,,,,,,,,,,,,,,,,,,,,,,,,,,,,,,,,,,,7,6,7,6,6,7,6,7,6,7,6,7,7,7,5,6,5,7,7,6,7,6,5,7,5,6,7,7,6,6,7,7,7,7,6,6,6,6,7,7,6,7,7,6,7,6,6,7,5,7,7,6,7,6,7,6,7,5,7,6,7,6,7,6,7,7,6,6,7,6,7,6,5,6,7,7,7,5,7,6,0.1,100,47,15,4,5,5,3,5,5,3,3,5,5,4,4,5,5,3,3,3,5,5,4,4,3,5,3,3,5,5,5,5,5,4,5,4,5,4,5,4,5,4,5,4,5,2,5,4,5,5,5,3,5,4,5,3,5,1,36,2,2
173.171.111.154,100,447,1,6/16/20 14:05,R_2zZ5YlQMlGKcHRw,28.19509888,-81.60620117,2,,,,,,,,,,,,,,,,,,,,,,,,,,,,,,,,,,,,,,,,,,,,,,,,,,,,,,,,,,,,,,,,,,,,,,,,,,,,,,,,,3,2,2,2,2,2,3,2,2,4,4,3,4,3,4,4,1,2,2,2,1,1,1,1,2,3,2,2,1,1,1,3,4,3,2,3,2,2,2,1,3,4,4,2,4,3,2,4,3,2,2,3,3,2,1,2,2,2,2,2,3,3,3,4,2,2,2,2,2,1,2,2,4,3,3,4,2,3,3,2,0.1,5 minutes,24,1,2,2,3,2,4,2,4,4,3,3,2,2,3,2,3,3,4,4,4,5,5,4,3,4,4,3,4,3,2,4,3,4,4,2,4,3,2,2,3,3,4,2,3,4,4,3,3,2,1,2,3,2,3,4,1,24,2,3
75.185.26.147,100,812,1,6/16/20 14:05,R_vMNnknTvHYpPk1H,41.44529724,-81.69909668,1,7,7,5,6,7,6,6,5,7,6,6,7,7,7,6,7,6,5,6,7,6,7,6,7,7,7,6,7,7,5,7,6,6,6,7,7,6,6,7,5,7,7,6,6,7,6,6,7,6,6,7,7,7,6,7,6,7,6,6,7,6,7,6,5,5,7,6,7,7,6,7,6,7,6,7,6,6,6,7,7,,,,,,,,,,,,,,,,,,,,,,,,,,,,,,,,,,,,,,,,,,,,,,,,,,,,,,,,,,,,,,,,,,,,,,,,,,,,,,,,,0.1,100,very good,30,5,5,5,4,5,5,3,3,5,3,4,5,4,4,5,4,5,4,3,4,5,5,4,4,5,5,5,4,5,5,4,5,5,5,4,5,4,5,4,5,4,5,4,5,4,5,4,5,5,4,5,4,5,4,2,35,1,2
75.142.169.35,100,1405,1,6/16/20 14:06,R_Zsrc2ok4aF7V1qp,32.88760376,-97.21320343,2,,,,,,,,,,,,,,,,,,,,,,,,,,,,,,,,,,,,,,,,,,,,,,,,,,,,,,,,,,,,,,,,,,,,,,,,,,,,,,,,,5,5,3,5,5,5,6,5,6,5,6,6,6,5,6,6,5,3,5,4,4,4,3,5,6,5,4,5,5,6,6,5,6,5,6,6,3,3,5,4,5,4,5,4,4,5,5,4,5,5,3,4,4,5,5,6,4,5,5,5,5,5,6,5,4,6,3,5,4,4,5,5,5,6,4,4,3,3,4,4,0.1,5,47,31,4,3,2,3,4,4,4,4,4,4,5,3,3,4,2,3,3,3,3,4,3,4,3,3,3,4,4,4,3,4,4,3,3,4,2,3,3,4,4,3,4,3,3,2,2,3,4,3,2,2,4,4,4,3,4,30,2,2
98.167.39.76,100,660,1,6/16/20 14:06,R_3lLKkVFgkVy7seI,36.00210571,-115.1470032,2,,,,,,,,,,,,,,,,,,,,,,,,,,,,,,,,,,,,,,,,,,,,,,,,,,,,,,,,,,,,,,,,,,,,,,,,,,,,,,,,,7,7,6,6,7,7,6,6,7,6,6,7,7,7,6,6,6,7,6,7,6,7,6,7,6,6,7,7,7,6,6,7,6,7,6,7,7,7,6,6,7,6,7,6,6,6,7,7,6,7,7,6,7,7,6,6,7,6,7,6,6,7,6,7,6,7,6,7,7,7,6,6,6,6,7,7,6,7,6,7,10,100,24,31,4,5,5,5,4,5,5,4,5,3,4,5,5,4,5,4,4,5,4,4,4,5,5,4,5,5,5,4,5,5,4,5,4,5,4,5,4,5,4,5,4,5,4,5,4,3,5,4,5,4,5,4,5,5,1,30,1,2
69.61.84.209,100,447,1,6/16/20 14:06,R_2TGDcZSo0mlK3P8,37.75100708,-97.8219986,2,,,,,,,,,,,,,,,,,,,,,,,,,,,,,,,,,,,,,,,,,,,,,,,,,,,,,,,,,,,,,,,,,,,,,,,,,,,,,,,,,6,5,6,5,5,6,5,6,6,5,5,6,5,5,6,6,6,6,5,5,5,6,6,5,5,6,5,6,6,5,5,6,6,6,5,5,6,5,5,6,6,5,5,6,6,5,6,5,5,5,6,6,6,5,5,6,5,5,6,5,5,6,6,5,5,6,6,5,4,6,5,5,5,5,6,6,6,5,5,6,10,100,15,30,3,5,4,4,4,4,5,5,4,5,4,3,5,3,5,3,3,5,4,4,4,4,5,3,5,4,3,5,4,4,5,4,3,5,4,3,5,3,4,5,4,5,4,4,3,5,3,4,3,4,3,4,5,4,1,29,2,4
98.26.58.154,100,2316,1,6/16/20 14:09,R_2aM6hFtXczXXJMN,36.03900146,-78.87799835,2,,,,,,,,,,,,,,,,,,,,,,,,,,,,,,,,,,,,,,,,,,,,,,,,,,,,,,,,,,,,,,,,,,,,,,,,,,,,,,,,,5,6,6,6,6,6,6,5,6,5,6,6,6,6,6,6,6,6,6,6,6,6,5,6,6,5,6,6,5,6,6,5,6,6,6,5,6,6,6,6,6,6,6,6,6,6,5,6,6,6,6,6,6,5,6,6,6,6,6,6,6,6,6,6,6,5,6,6,6,6,6,6,6,6,6,6,5,6,6,5,10,100,24,1,4,4,4,4,4,4,4,4,4,4,4,4,4,4,4,4,4,4,4,4,4,4,4,4,4,4,4,4,4,4,4,4,4,4,4,4,4,4,4,4,4,4,4,4,4,4,4,4,4,4,4,4,4,4,1,44,1,4
68.224.39.139,100,284,1,6/16/20 14:10,R_1KfGrZl6eTIB8yz,36.15020752,-115.0335999,2,,,,,,,,,,,,,,,,,,,,,,,,,,,,,,,,,,,,,,,,,,,,,,,,,,,,,,,,,,,,,,,,,,,,,,,,,,,,,,,,,6,6,7,7,7,7,6,6,7,7,6,7,6,5,7,7,5,7,6,6,7,6,7,7,6,7,7,7,4,7,6,5,5,7,7,7,6,7,6,5,7,7,6,6,7,7,4,5,6,5,7,7,5,7,7,7,6,7,7,5,7,7,6,4,7,4,7,6,5,7,6,7,7,6,5,6,5,7,7,7,0.1,100,24,30,4,5,2,4,4,4,5,4,4,4,5,2,4,4,4,5,5,4,3,3,4,4,4,3,3,4,5,4,4,3,5,3,5,4,5,4,5,5,3,4,5,3,5,4,5,4,4,5,4,5,5,5,3,5,4,30,1,2
24.243.149.74,100,438,1,6/16/20 14:11,R_5j6rbI3QvC7OY2B,30.30230713,-97.69139862,1,6,5,7,6,6,5,5,6,7,6,6,7,7,7,5,6,5,6,7,5,5,6,5,6,6,6,7,6,6,7,6,5,5,6,6,7,6,7,6,6,7,6,7,6,6,7,7,6,6,7,7,7,5,6,5,6,7,6,7,6,7,7,6,6,7,6,6,6,7,7,6,6,7,6,6,6,,6,7,5,,,,,,,,,,,,,,,,,,,,,,,,,,,,,,,,,,,,,,,,,,,,,,,,,,,,,,,,,,,,,,,,,,,,,,,,,,,,,,,,,0.1,100,24,15,4,5,4,4,5,5,3,4,5,4,4,,4,4,4,4,5,5,4,4,5,4,3,5,4,3,4,5,4,4,5,5,4,3,4,5,4,4,3,4,4,5,4,5,5,5,3,4,4,5,4,4,3,4,1,48,1,2
74.129.225.188,100,702,1,6/16/20 14:12,R_1dn0Wxin39suusZ,38.1842041,-85.83750153,1,5,6,7,3,5,6,6,7,5,6,4,7,6,7,4,6,3,6,6,5,7,6,5,6,5,6,5,6,5,6,6,7,7,4,6,6,6,7,6,7,6,6,5,6,7,4,6,6,6,4,7,5,7,6,6,5,5,6,6,7,4,6,6,7,6,7,4,5,6,6,4,5,6,3,7,6,5,5,5,6,,,,,,,,,,,,,,,,,,,,,,,,,,,,,,,,,,,,,,,,,,,,,,,,,,,,,,,,,,,,,,,,,,,,,,,,,,,,,,,,,2,100,24,13,4,2,3,3,3,4,4,2,5,3,3,5,5,3,2,,5,4,5,2,3,4,4,5,4,4,4,3,3,4,5,3,4,5,2,4,5,3,4,3,4,3,5,4,3,5,4,5,2,,4,5,3,4,4,,1,2
198.228.68.17,100,565,1,6/16/20 14:12,R_3nTtPHYhuTk3xQ9,37.75100708,-97.8219986,1,7,6,6,7,6,6,7,7,7,6,7,6,7,6,6,7,6,6,7,7,6,6,7,7,7,6,6,7,6,7,6,7,7,7,6,6,6,7,6,7,6,7,7,6,7,6,6,7,6,7,7,6,7,6,7,6,6,7,7,6,7,7,6,6,6,6,7,7,6,7,7,6,6,6,7,7,7,7,6,6,,,,,,,,,,,,,,,,,,,,,,,,,,,,,,,,,,,,,,,,,,,,,,,,,,,,,,,,,,,,,,,,,,,,,,,,,,,,,,,,,0.1,50,thinking style,10,5,5,5,1,5,5,4,4,4,5,4,4,5,4,1,5,5,5,4,4,5,4,5,5,4,4,4,5,5,4,5,4,5,4,5,4,5,4,5,4,5,4,5,4,5,4,5,4,5,4,5,4,5,4,4,38,2,3
69.61.42.20,100,616,1,6/16/20 14:15,R_6ERJvXozxsFCcDL,37.38250732,-79.2181015,1,6,5,6,5,5,7,6,6,5,6,7,7,7,6,7,7,6,5,7,6,7,6,6,7,7,7,7,7,7,7,7,6,7,7,6,7,7,7,7,7,5,6,6,7,3,4,5,5,7,5,6,6,6,7,6,6,4,2,3,3,4,3,5,5,5,6,6,7,5,7,6,6,3,4,4,5,5,4,5,4,,,,,,,,,,,,,,,,,,,,,,,,,,,,,,,,,,,,,,,,,,,,,,,,,,,,,,,,,,,,,,,,,,,,,,,,,,,,,,,,,10,100,24,15,4,4,3,4,5,4,5,5,4,4,5,4,4,3,4,4,3,4,4,4,4,5,5,4,5,3,4,5,,4,5,4,4,5,4,4,4,5,4,3,5,4,4,5,4,3,4,4,5,4,4,4,5,4,1,29,1,4
104.218.66.189,100,302,1,6/16/20 14:18,R_8ul8wIySqOM6SLD,40.75970459,-96.65419769,1,6,6,5,6,6,7,5,4,4,4,,5,5,7,5,6,7,5,4,7,7,6,4,5,4,7,6,5,6,7,7,7,6,5,7,6,5,5,6,4,7,6,6,4,6,5,4,7,6,6,7,5,6,7,6,5,5,6,7,4,5,7,6,6,4,7,6,5,5,6,7,4,5,6,6,6,5,6,6,7,,,,,,,,,,,,,,,,,,,,,,,,,,,,,,,,,,,,,,,,,,,,,,,,,,,,,,,,,,,,,,,,,,,,,,,,,,,,,,,,,0.1,100,96,15,5,4,4,3,4,3,5,5,4,4,4,4,3,5,5,4,4,3,,3,3,3,,5,4,4,4,5,5,4,3,5,4,4,5,3,5,,4,3,5,4,4,2,,3,5,4,4,5,3,4,3,4,1,30,1,2
97.101.20.215,100,583,1,6/16/20 14:21,R_UtZAflDUkFnEzfP,29.48429871,-81.20420074,2,,,,,,,,,,,,,,,,,,,,,,,,,,,,,,,,,,,,,,,,,,,,,,,,,,,,,,,,,,,,,,,,,,,,,,,,,,,,,,,,,5,4,6,7,7,6,7,6,4,5,6,5,4,5,4,5,4,4,5,5,7,7,6,6,6,6,7,7,7,6,6,6,7,7,6,6,7,7,6,6,5,4,4,4,7,7,6,6,6,7,7,6,5,5,7,6,5,7,4,4,5,4,5,4,4,5,6,6,4,5,4,4,4,4,5,5,3,4,4,3,1.1,5,nice,30,4,4,5,4,4,5,4,4,5,5,5,5,5,5,4,4,5,4,4,4,5,5,4,5,4,5,4,5,4,5,4,5,4,5,4,5,4,5,4,5,5,4,5,4,5,4,5,4,5,5,5,4,5,4,1,32,1,4
2.56.33.172,100,458,1,6/16/20 14:22,R_3Mzzza4ujjUlKPz,47.60920715,-122.3314056,2,,,,,,,,,,,,,,,,,,,,,,,,,,,,,,,,,,,,,,,,,,,,,,,,,,,,,,,,,,,,,,,,,,,,,,,,,,,,,,,,,6,7,6,6,5,5,6,5,6,5,6,5,6,5,6,5,5,6,6,7,6,6,7,5,5,6,5,6,7,6,5,5,5,6,6,5,6,5,5,6,5,6,5,7,6,6,5,5,6,6,5,5,5,5,6,6,6,5,6,5,5,5,6,7,5,4,5,6,6,6,5,5,5,6,6,5,5,5,6,6,0.1,100,24,30,4,4,5,5,4,4,4,4,5,5,5,5,4,4,4,5,5,4,3,4,4,4,5,4,5,5,4,4,5,3,4,5,4,4,5,4,4,3,4,5,4,3,4,5,4,4,3,4,5,4,5,4,4,3,4,25,1,2
68.44.60.114,100,382,1,6/16/20 14:22,R_3fPLxoRkwVlRFcv,39.99549866,-85.75180054,1,6,6,7,7,6,6,5,6,6,6,6,6,6,7,6,7,6,6,7,6,6,6,6,7,6,7,6,6,7,6,6,7,6,7,6,6,7,6,6,6,6,6,7,6,7,6,6,6,7,6,6,7,6,5,6,6,6,6,5,6,6,7,6,6,6,6,5,5,6,5,6,6,6,6,6,5,5,7,6,6,,,,,,,,,,,,,,,,,,,,,,,,,,,,,,,,,,,,,,,,,,,,,,,,,,,,,,,,,,,,,,,,,,,,,,,,,,,,,,,,,0.1,100,2,30,4,4,4,4,5,4,5,4,4,4,5,5,4,4,4,4,4,5,5,4,4,5,4,4,5,5,4,4,4,4,4,5,4,5,5,4,5,5,4,5,5,4,4,4,5,4,4,4,5,4,4,5,5,4,1,37,2,5
198.228.132.104,100,1165,1,6/16/20 14:22,R_2dW2gb0iQXpGP1n,37.75100708,-97.8219986,2,,,,,,,,,,,,,,,,,,,,,,,,,,,,,,,,,,,,,,,,,,,,,,,,,,,,,,,,,,,,,,,,,,,,,,,,,,,,,,,,,7,4,6,5,5,6,4,5,5,4,6,7,4,5,6,7,7,5,6,4,4,6,7,5,6,7,6,5,4,5,4,5,5,4,7,6,4,6,5,5,5,6,4,7,5,4,4,3,7,4,5,6,4,6,5,4,6,4,7,5,6,5,7,4,5,4,3,4,7,4,6,5,5,4,6,4,4,6,4,5,0.1,100,24,15,3,4,3,3,3,5,4,5,3,2,4,5,4,4,4,3,4,4,4,2,4,3,3,4,5,3,4,3,5,3,4,5,4,3,2,4,3,2,3,4,5,4,3,2,3,4,5,4,3,2,3,4,5,4,1,35,1,4
24.24.237.15,100,1732,1,6/16/20 14:29,R_2B9cP7Cje7CVGdV,34.13009644,-117.2043991,2,,,,,,,,,,,,,,,,,,,,,,,,,,,,,,,,,,,,,,,,,,,,,,,,,,,,,,,,,,,,,,,,,,,,,,,,,,,,,,,,,4,5,4,4,3,4,4,3,4,4,4,4,5,4,4,5,4,4,4,4,4,5,4,4,5,5,5,5,5,4,4,4,4,4,6,5,3,4,4,4,5,4,5,4,4,4,5,3,5,5,5,4,4,5,6,5,4,3,5,4,3,4,4,4,4,5,5,4,4,3,3,4,5,4,5,4,4,4,4,4,0.1,5,24,29,3,3,3,3,4,3,3,3,2,4,3,3,4,3,2,4,3,3,3,3,4,3,3,3,3,3,3,4,4,3,2,2,3,4,3,4,4,4,3,2,2,3,2,2,3,2,3,3,3,2,3,2,3,3,4,58,1,4
67.190.252.206,100,965,1,6/16/20 14:32,R_3NFdpT3uuC1m5um,29.94749451,-81.52639771,1,1,1,1,1,1,1,1,1,1,1,1,1,1,1,1,1,1,1,1,1,3,3,4,3,1,1,1,1,1,1,6,2,1,1,1,1,1,1,1,1,1,1,2,1,1,1,1,1,1,1,3,1,1,1,3,1,1,1,1,1,1,1,1,1,1,1,1,1,1,1,1,1,1,1,3,1,1,1,1,1,,,,,,,,,,,,,,,,,,,,,,,,,,,,,,,,,,,,,,,,,,,,,,,,,,,,,,,,,,,,,,,,,,,,,,,,,,,,,,,,,0.05,5 minutes,24,30,3,4,1,2,2,3,4,3,3,4,4,1,3,3,2,5,3,3,2,1,1,1,1,1,2,1,4,5,4,1,1,1,4,1,1,1,3,1,1,1,1,1,1,3,1,4,3,1,1,1,1,1,1,1,4,30,1,1
69.246.98.184,100,1583,1,6/16/20 14:37,R_1JILl4fAPa4hCGL,32.18989563,-90.26039886,2,,,,,,,,,,,,,,,,,,,,,,,,,,,,,,,,,,,,,,,,,,,,,,,,,,,,,,,,,,,,,,,,,,,,,,,,,,,,,,,,,6,5,7,6,6,6,7,5,5,6,7,6,6,7,5,6,6,7,6,5,7,6,5,6,6,6,7,5,6,7,6,7,6,5,7,6,5,6,6,7,5,7,6,6,6,7,5,6,7,6,5,6,6,5,6,7,6,5,7,6,5,6,6,7,5,6,6,7,6,6,5,7,7,6,5,6,5,7,6,6,1,50,24,8,5,5,5,5,5,5,4,4,4,4,4,5,5,4,4,4,4,4,4,5,4,5,4,4,4,4,5,5,5,4,5,4,5,4,5,4,5,4,5,4,5,4,5,4,5,4,5,4,5,4,5,4,5,4,1,37,2,2
138.229.203.201,100,358,1,6/16/20 14:38,R_3GjIj7uzPbqvIJB,33.83079529,-118.1125031,1,6,5,6,5,4,6,5,6,6,5,6,5,6,5,7,6,6,5,6,7,6,7,5,6,7,5,6,6,6,7,6,5,5,6,5,6,6,5,7,5,6,6,5,6,5,5,6,6,5,6,6,5,7,5,6,5,5,7,6,6,6,7,5,5,5,6,7,6,7,6,4,6,5,6,7,6,5,6,6,7,,,,,,,,,,,,,,,,,,,,,,,,,,,,,,,,,,,,,,,,,,,,,,,,,,,,,,,,,,,,,,,,,,,,,,,,,,,,,,,,,0.1,100,24,15,4,3,3,5,4,4,3,4,4,3,3,5,4,4,3,4,3,5,4,3,3,4,5,3,4,4,5,3,4,5,4,3,4,3,4,4,3,5,4,3,4,3,4,5,4,3,4,4,3,4,3,4,3,4,1,30,1,2
174.54.21.216,100,320,1,6/16/20 14:40,R_2ztMqFSxf8kMZrg,40.10940552,-76.51309967,2,,,,,,,,,,,,,,,,,,,,,,,,,,,,,,,,,,,,,,,,,,,,,,,,,,,,,,,,,,,,,,,,,,,,,,,,,,,,,,,,,7,6,5,4,5,6,7,6,4,7,5,6,5,7,6,6,4,3,7,5,5,6,6,7,6,7,6,5,7,5,6,6,4,6,5,7,6,6,7,5,5,7,6,6,6,5,7,6,5,6,7,6,6,7,5,6,6,6,5,7,4,7,6,5,4,,6,5,7,4,3,5,5,7,6,6,6,7,6,5,0.1,100,47,29,1,4,3,5,2,4,5,3,3,3,4,2,4,4,3,3,4,2,5,3,1,5,3,2,3,4,2,4,2,4,3,2,1,3,4,5,4,2,3,4,3,2,3,2,1,3,4,5,3,4,5,4,3,4,1,33,2,4
70.94.173.151,100,1196,1,6/16/20 14:47,R_2DV8vNlF9t2fySh,29.45530701,-98.56770325,2,,,,,,,,,,,,,,,,,,,,,,,,,,,,,,,,,,,,,,,,,,,,,,,,,,,,,,,,,,,,,,,,,,,,,,,,,,,,,,,,,6,5,5,6,6,5,5,5,3,5,5,3,7,7,6,7,7,7,7,7,6,5,5,4,6,7,6,6,7,6,7,7,6,6,5,4,5,6,6,6,2,5,3,2,6,6,6,4,3,4,3,4,2,3,4,3,1,2,2,2,6,5,5,6,5,6,5,6,6,6,4,6,6,6,4,4,7,6,7,5,5,5,47,29,3,4,3,3,4,5,3,3,4,4,5,4,4,4,5,5,5,3,4,4,3,4,5,3,5,5,4,5,3,4,5,5,3,4,5,4,4,,4,4,3,4,3,4,4,5,5,4,3,3,3,4,5,5,1,36,1,4
24.163.100.122,100,747,1,6/16/20 14:48,R_3QXYAETMgFvZ1ek,35.58309937,-78.7881012,1,5,6,5,6,6,5,5,6,5,6,5,6,6,5,5,5,6,5,6,5,7,6,5,5,5,6,5,6,5,6,5,6,5,6,6,5,5,5,6,5,5,5,7,5,5,6,6,5,4,6,5,6,4,5,6,5,6,5,6,7,6,5,5,6,5,5,5,6,5,6,6,5,6,5,5,6,6,5,5,5,,,,,,,,,,,,,,,,,,,,,,,,,,,,,,,,,,,,,,,,,,,,,,,,,,,,,,,,,,,,,,,,,,,,,,,,,,,,,,,,,0.1,100,24,30,5,4,5,4,5,5,4,4,5,4,5,3,4,5,4,5,4,4,4,4,4,4,5,5,5,5,5,4,4,4,4,5,4,3,4,5,4,3,4,5,4,5,4,4,5,4,3,4,5,4,5,4,5,5,4,42,1,2
71.83.196.194,100,483,1,6/16/20 15:06,R_1DOpUWPo1CSwPGW,34.16239929,-118.1275024,2,,,,,,,,,,,,,,,,,,,,,,,,,,,,,,,,,,,,,,,,,,,,,,,,,,,,,,,,,,,,,,,,,,,,,,,,,,,,,,,,,2,2,2,4,2,2,2,2,6,6,6,6,5,5,5,5,2,2,2,2,5,5,5,5,4,4,4,4,4,4,4,4,2,2,2,2,2,2,2,2,3,3,3,3,3,3,3,3,6,6,6,6,6,6,6,6,6,6,6,6,4,4,4,4,2,2,2,2,2,2,2,2,3,3,3,3,2,2,2,2,0.1,5 minutes,47 days,1,5,5,1,1,1,5,1,1,1,5,5,1,5,5,5,1,1,5,3,3,3,3,3,3,3,3,3,3,3,1,1,1,4,1,1,1,1,1,1,1,3,1,1,1,1,5,1,1,1,1,1,1,1,1,1,31,2,4
64.145.93.169,100,7348,1,6/16/20 15:08,R_24ehd8qvjS1cWWf,37.75100708,-97.8219986,2,,,,,,,,,,,,,,,,,,,,,,,,,,,,,,,,,,,,,,,,,,,,,,,,,,,,,,,,,,,,,,,,,,,,,,,,,,,,,,,,,3,4,3,3,6,6,6,6,4,4,4,4,5,5,5,5,5,5,5,5,4,5,4,5,6,6,6,6,5,5,5,4,5,5,5,5,6,7,7,7,5,5,5,5,4,3,4,3,3,3,3,3,3,2,3,2,5,5,5,5,4,4,4,4,2,2,2,2,5,5,5,5,3,3,3,2,4,4,3,4,0.1,100,24,15,4,4,4,4,4,4,5,4,4,3,4,4,4,4,3,3,3,4,4,5,4,4,5,4,5,5,4,5,5,4,4,4,5,4,5,4,4,5,4,4,4,5,4,5,5,4,5,4,4,5,4,5,5,4,1,32,1,4
73.46.195.136,100,1458,1,6/16/20 15:48,R_20Yh0AzzcouVeC6,27.29130554,-80.29769897,2,,,,,,,,,,,,,,,,,,,,,,,,,,,,,,,,,,,,,,,,,,,,,,,,,,,,,,,,,,,,,,,,,,,,,,,,,,,,,,,,,6,5,5,6,5,5,6,4,6,7,5,6,4,6,5,4,6,6,5,5,6,6,5,7,5,4,6,5,7,6,6,5,6,7,6,7,6,5,5,6,5,4,6,5,5,4,5,6,7,7,6,6,4,5,6,4,6,6,5,5,5,6,5,6,4,5,6,5,4,5,5,6,7,6,6,5,6,5,6,5,0.05,5,47,29,5,5,5,5,4,5,4,4,5,4,5,4,4,5,4,4,4,5,5,5,4,4,5,5,4,5,4,4,4,4,3,5,4,5,4,5,4,5,4,5,4,5,4,5,4,5,4,4,4,5,4,5,4,5,4,25,2,4